3,Nann, Gregoor,gnann2@smh.com.au,125.236.177.46
5,Neward, Lucas,lneward4@miibeian.gov.cn,139.179.157.138
11,Durdy, Kahaleel,kdurdya@scribd.com,88.244.131.231
17,Jakuszewski, Gunter,gjakuszewskig@dailymotion.com,199.117.117.160
19,Downer, Puff,pdowneri@upenn.edu,141.202.76.129
23,Wase, Antin,awasem@hud.gov,0.81.71.206
25,Danielovitch, Bryn,bdanielovitcho@geocities.jp,203.106.231.185
27,Yitzhakof, Penn,pyitzhakofq@boston.com,169.140.224.158
29,Coke, Irving,icokes@t-online.de,167.57.74.16
37,Sharpless, Merill,msharpless10@kickstarter.com,191.213.116.104
41,Van Halle, Lionel,lvanhalle14@dagondesign.com,131.225.161.77
43,Hurt, Fritz,fhurt16@thetimes.co.uk,210.108.125.44
51,Lang, Brant,blang1e@home.pl,55.211.0.53
57,Fassbindler, Rupert,rfassbindler1k@nasa.gov,71.41.45.128
59,Culpen, Pryce,pculpen1m@howstuffworks.com,252.13.191.181
61,Kinkade, Hobey,hkinkade1o@usgs.gov,182.71.131.206
65,Mallock, Dav,dmallock1s@cpanel.net,168.165.253.175
67,Pow, Minor,mpow1u@pcworld.com,222.176.200.52
71,Milborn, Merrie,mmilborn1y@infoseek.co.jp,12.255.247.3
73,Ettery, Aldrich,aettery20@wiley.com,56.98.49.163
75,Frank, Saw,sfrank22@dot.gov,112.107.119.83
85,MacKey, Pascal,pmackey2c@technorati.com,200.33.171.87
87,Clash, Zerk,zclash2e@furl.net,190.67.19.219
89,MacNeilley, Kaja,kmacneilley2g@sbwire.com,174.27.111.36
91,Lacasa, Giulia,glacasa2i@imdb.com,176.235.243.206
93,Tickle, Lelia,ltickle2k@theglobeandmail.com,241.128.216.15
99,Attwood, Roger,rattwood2q@stanford.edu,94.3.4.193
