id,first_name,last_name,email,gender,ip_address
1101,Sydney,Schowenburg,sschowenburg0@hexun.com,Female,38.126.127.50
1102,Beryle,Stickells,bstickells1@tmall.com,Female,70.95.102.144
1103,Eada,Ikins,eikins2@weather.com,Non-binary,142.23.29.164
1104,Seumas,Ambrosch,sambrosch3@blogspot.com,Male,123.200.152.252
1105,Alameda,Finders,afinders4@netscape.com,Agender,231.155.184.114
1106,Jaclin,Saddleton,jsaddleton5@youtu.be,Female,238.71.111.204
1107,Burr,Al Hirsi,balhirsi6@boston.com,Male,191.205.218.15
1108,Rafe,Toffolini,rtoffolini7@qq.com,Male,24.27.192.69
1109,Nicol,Lemin,nlemin8@cargocollective.com,Male,62.234.168.14
1110,Katheryn,Snar,ksnar9@chicagotribune.com,Female,129.227.219.113
1111,Archambault,Salvadore,asalvadorea@tripadvisor.com,Male,11.222.229.78
1112,Lilyan,Canedo,lcanedob@wikipedia.org,Female,59.108.176.20
1113,Townsend,Badrick,tbadrickc@github.com,Male,174.133.252.114
1114,Kerrie,Casley,kcasleyd@devhub.com,Female,5.222.168.138
1115,Aurelie,Solan,asolane@weather.com,Female,239.153.178.171
1116,Pauli,Glencrash,pglencrashf@examiner.com,Genderqueer,226.144.51.195
1117,Laetitia,Lamyman,llamymang@washington.edu,Female,92.254.137.136
1118,Immanuel,Jenik,ijenikh@cloudflare.com,Male,233.75.141.25
1119,Piotr,Pancoast,ppancoasti@uol.com.br,Male,2.155.215.131
1120,Cyndi,Chittenden,cchittendenj@washington.edu,Female,187.161.81.251
1121,Moses,Libri,mlibrik@networksolutions.com,Male,229.214.119.165
1122,Harris,Taylor,htaylorl@cbc.ca,Male,124.57.127.208
1123,Lane,Ferrario,lferrariom@qq.com,Female,62.151.233.142
1124,Northrop,Burtonwood,nburtonwoodn@barnesandnoble.com,Male,67.44.54.213
1125,Adoree,Haime,ahaimeo@miibeian.gov.cn,Female,177.188.148.64
1126,Greer,Draxford,gdraxfordp@liveinternet.ru,Genderfluid,11.191.13.154
1127,Berri,Torricina,btorricinaq@answers.com,Female,44.25.129.219
1128,Wald,Nelson,wnelsonr@slashdot.org,Male,188.198.173.137
1129,Mendy,Crossgrove,mcrossgroves@freewebs.com,Male,75.22.7.177
1130,Inge,Crisford,icrisfordt@prnewswire.com,Female,217.190.173.104
1131,Nesta,Millsap,nmillsapu@usnews.com,Female,19.102.199.22
1132,Josephine,Hartwright,jhartwrightv@hibu.com,Female,235.89.152.203
1133,Chantalle,Daleman,cdalemanw@senate.gov,Female,19.231.201.155
1134,Burtie,Farre,bfarrex@digg.com,Male,238.246.53.75
1135,Renata,McEvoy,rmcevoyy@tripadvisor.com,Female,182.162.253.123
1136,Gabie,Andriessen,gandriessenz@scribd.com,Female,119.124.221.178
1137,Dov,Circuitt,dcircuitt10@vinaora.com,Male,180.59.3.79
1138,Collette,Mathevet,cmathevet11@google.co.jp,Female,11.19.45.132
1139,Wye,Radborne,wradborne12@imgur.com,Male,60.200.231.62
1140,Cristine,Struttman,cstruttman13@theglobeandmail.com,Polygender,67.225.229.231
1141,Joshua,Gebbe,jgebbe14@scribd.com,Male,45.232.96.44
1142,Iseabal,Gier,igier15@people.com.cn,Female,141.231.93.69
1143,Adolph,Ragg,aragg16@yale.edu,Male,63.81.191.76
1144,Antone,Brundall,abrundall17@hexun.com,Male,155.88.197.216
1145,Phineas,Petrushka,ppetrushka18@is.gd,Male,6.223.64.238
1146,Reggie,Monard,rmonard19@fc2.com,Male,234.129.22.148
1147,Elroy,Fulmen,efulmen1a@nifty.com,Male,112.146.205.234
1148,Kala,Orton,korton1b@sitemeter.com,Bigender,117.249.16.11
1149,Noel,Loines,nloines1c@va.gov,Female,42.118.56.237
1150,Hatty,Lesmonde,hlesmonde1d@google.ru,Female,87.10.208.57
1151,Regen,Cocci,rcocci1e@google.nl,Male,93.95.170.70
1152,Wallis,McDell,wmcdell1f@posterous.com,Male,17.221.95.247
1153,Osbert,Joye,ojoye1g@bravesites.com,Male,7.54.217.165
1154,Georgetta,Dell'Abbate,gdellabbate1h@ft.com,Female,225.251.44.144
1155,Berri,MacKeogh,bmackeogh1i@mysql.com,Female,38.224.142.235
1156,Theresina,Rodenburg,trodenburg1j@ebay.com,Female,8.39.121.220
1157,Glen,Baudinet,gbaudinet1k@wunderground.com,Female,105.212.211.183
1158,Ara,Proby,aproby1l@umich.edu,Male,27.223.113.132
1159,Raven,Crockett,rcrockett1m@bbb.org,Female,204.33.107.244
1160,Ardra,De La Hay,adelahay1n@cbc.ca,Female,135.29.183.184
1161,Elijah,Moorton,emoorton1o@rediff.com,Male,106.240.83.244
1162,Ingeberg,McMonies,imcmonies1p@pagesperso-orange.fr,Agender,82.22.169.241
1163,Gabi,Conaghan,gconaghan1q@ibm.com,Male,72.216.67.236
1164,Eilis,Lednor,elednor1r@wunderground.com,Female,177.255.208.117
1165,Harriott,Sealey,hsealey1s@unblog.fr,Female,147.222.4.169
1166,Marlowe,Bentote,mbentote1t@washingtonpost.com,Male,171.126.193.5
1167,Winthrop,Jeens,wjeens1u@aol.com,Male,25.51.89.44
1168,Giavani,Winkworth,gwinkworth1v@linkedin.com,Male,181.206.215.158
1169,Perry,Addington,paddington1w@telegraph.co.uk,Male,197.96.179.150
1170,Kalil,Percy,kpercy1x@google.com,Male,152.247.105.151
1171,Bird,Landeaux,blandeaux1y@printfriendly.com,Female,164.7.68.222
1172,Flin,Disbrey,fdisbrey1z@cnet.com,Male,223.130.223.186
1173,Yvonne,Salandino,ysalandino20@stanford.edu,Female,255.136.254.199
1174,Kassey,Curedell,kcuredell21@goodreads.com,Female,46.29.200.146
1175,Katti,Santori,ksantori22@ask.com,Female,49.31.242.206
1176,Loretta,Riddles,lriddles23@weather.com,Genderfluid,3.1.76.218
1177,Jeremie,Durden,jdurden24@cdbaby.com,Male,248.153.156.181
1178,Craggy,St. John,cstjohn25@google.co.uk,Male,141.250.64.118
1179,Robert,Heynel,rheynel26@yolasite.com,Male,114.55.233.62
1180,Gian,Mac Giolla Pheadair,gmacgiollapheadair27@wordpress.com,Male,15.197.0.90
1181,Jamison,Wincom,jwincom28@uiuc.edu,Male,158.251.244.6
1182,Alma,Chretien,achretien29@wikipedia.org,Female,214.143.192.252
1183,Win,Adriani,wadriani2a@google.com.br,Male,51.179.177.238
1184,Garald,Caulkett,gcaulkett2b@oakley.com,Male,65.147.49.193
1185,Seth,Burchell,sburchell2c@wikispaces.com,Male,186.41.230.103
1186,Buddie,Redhills,bredhills2d@nature.com,Male,184.32.15.77
1187,Livvie,Vinton,lvinton2e@spotify.com,Female,201.86.64.160
1188,Aldwin,Tillman,atillman2f@nytimes.com,Male,135.23.190.146
1189,Gaby,Laba,glaba2g@mozilla.com,Male,250.183.79.200
1190,Eward,Lenglet,elenglet2h@mlb.com,Male,68.41.85.234
1191,Wilburt,Bentsen,wbentsen2i@reuters.com,Male,2.194.129.30
1192,Virgie,Shillabeer,vshillabeer2j@slate.com,Female,145.232.202.39
1193,Ezmeralda,Biasetti,ebiasetti2k@thetimes.co.uk,Female,234.209.254.109
1194,Dyanna,McMorran,dmcmorran2l@irs.gov,Female,190.181.209.190
1195,Kinsley,Brumble,kbrumble2m@slideshare.net,Male,216.195.224.245
1196,Pier,Pitcaithly,ppitcaithly2n@fema.gov,Female,243.73.184.188
1197,Quentin,Poxon,qpoxon2o@linkedin.com,Male,19.33.167.182
1198,Trevar,Plews,tplews2p@addtoany.com,Male,10.138.80.172
1199,Francesca,Brazear,fbrazear2q@yale.edu,Female,205.173.21.50
1200,Pet,Tilne,ptilne2r@mapquest.com,Female,221.146.139.228
1201,Dayle,Gurwood,dgurwood2s@unc.edu,Female,225.177.133.182
1202,Abby,Honeyghan,ahoneyghan2t@hp.com,Male,3.90.169.29
1203,Rhianna,Ambrogio,rambrogio2u@google.co.uk,Female,123.110.171.27
1204,Flinn,Botger,fbotger2v@mozilla.com,Male,194.177.189.48
1205,Ellyn,Berrecloth,eberrecloth2w@opera.com,Female,103.87.177.210
1206,Darrelle,Dormon,ddormon2x@ask.com,Female,233.169.101.188
1207,Celinka,Ferrieroi,cferrieroi2y@google.es,Female,65.102.124.180
1208,Hieronymus,Dyball,hdyball2z@abc.net.au,Male,181.199.171.120
1209,Cos,Wilse,cwilse30@pen.io,Agender,76.209.251.181
1210,Laverna,Beck,lbeck31@earthlink.net,Genderqueer,209.31.183.248
1211,Jacobo,Rohan,jrohan32@examiner.com,Male,185.117.120.177
1212,Harmony,Luckin,hluckin33@nsw.gov.au,Female,36.74.46.130
1213,Sukey,MacFarlane,smacfarlane34@ed.gov,Female,5.249.169.95
1214,Gearard,Moline,gmoline35@mediafire.com,Male,161.224.59.242
1215,Jud,Hail,jhail36@tuttocitta.it,Male,239.73.32.105
1216,Arlina,Goldingay,agoldingay37@sbwire.com,Female,59.102.2.36
1217,Shamus,Claire,sclaire38@rediff.com,Male,14.73.61.48
1218,Jamill,Dombrell,jdombrell39@huffingtonpost.com,Male,238.195.3.88
1219,Devlen,Quidenham,dquidenham3a@sohu.com,Bigender,162.63.16.212
1220,Guillermo,Penddreth,gpenddreth3b@parallels.com,Male,227.28.2.235
1221,Lennie,Diben,ldiben3c@ovh.net,Male,115.153.133.68
1222,Ernest,Moscon,emoscon3d@techcrunch.com,Male,93.86.22.213
1223,Kamila,MacMenamin,kmacmenamin3e@cocolog-nifty.com,Female,122.6.67.167
1224,Ulberto,Nestle,unestle3f@t-online.de,Male,64.13.13.194
1225,Johannah,Melody,jmelody3g@spotify.com,Female,154.174.56.96
1226,Anabal,Van Velde,avanvelde3h@a8.net,Female,246.218.120.210
1227,Fairlie,Rabat,frabat3i@gnu.org,Male,194.254.238.180
1228,Lexine,Creagh,lcreagh3j@google.es,Female,5.182.175.194
1229,Claudell,Becket,cbecket3k@hc360.com,Male,71.69.100.170
1230,Thaine,Rand,trand3l@umn.edu,Male,46.192.249.91
1231,Michelle,Dami,mdami3m@cmu.edu,Female,246.82.64.133
1232,Mariel,Chmiel,mchmiel3n@imgur.com,Female,231.65.0.217
1233,Klara,D'Antoni,kdantoni3o@japanpost.jp,Female,150.186.166.238
1234,Archaimbaud,MacEllen,amacellen3p@sun.com,Male,157.223.174.237
1235,Pepillo,Walkingshaw,pwalkingshaw3q@pbs.org,Male,140.137.104.246
1236,Aylmar,Keattch,akeattch3r@ucoz.com,Male,82.151.158.140
1237,Gabrielle,Poulter,gpoulter3s@wikispaces.com,Female,90.178.105.108
1238,Duffie,Bitterton,dbitterton3t@pcworld.com,Male,69.81.127.64
1239,Maxim,Hughs,mhughs3u@mit.edu,Male,151.218.140.234
1240,Ninnetta,Hairesnape,nhairesnape3v@chronoengine.com,Genderqueer,109.178.88.8
1241,Roxie,Berni,rberni3w@apple.com,Female,16.121.72.18
1242,Tarah,Game,tgame3x@mtv.com,Female,253.21.242.126
1243,Don,Peirazzi,dpeirazzi3y@themeforest.net,Male,184.82.227.239
1244,Saundra,Portwain,sportwain3z@netvibes.com,Male,188.65.51.137
1245,Annie,Rohfsen,arohfsen40@eepurl.com,Female,31.56.140.61
1246,Andromache,Rosenstengel,arosenstengel41@github.com,Female,215.254.228.221
1247,Salli,Groocock,sgroocock42@deviantart.com,Female,39.83.91.144
1248,Cos,Keely,ckeely43@zdnet.com,Male,118.69.147.138
1249,Stephanus,Greengrass,sgreengrass44@nba.com,Male,108.198.245.227
1250,Neville,Francescoccio,nfrancescoccio45@census.gov,Male,116.109.22.25
1251,Mort,Dotson,mdotson46@nps.gov,Male,72.140.87.184
1252,Rhett,Ormshaw,rormshaw47@utexas.edu,Male,251.149.156.50
1253,Gleda,Von Welden,gvonwelden48@oakley.com,Female,204.131.249.205
1254,Evie,Truscott,etruscott49@nydailynews.com,Female,247.73.22.198
1255,Aldrich,Gillingwater,agillingwater4a@phpbb.com,Male,206.2.211.82
1256,Evelyn,Ibarra,eibarra4b@seattletimes.com,Male,55.90.204.26
1257,Ruben,Bentinck,rbentinck4c@fotki.com,Male,239.218.80.70
1258,Kain,Jolliff,kjolliff4d@miibeian.gov.cn,Male,249.177.77.110
1259,Shannan,Whicher,swhicher4e@ca.gov,Male,25.157.53.10
1260,Vivie,Smithend,vsmithend4f@nytimes.com,Female,223.147.7.224
1261,Raphael,Clurow,rclurow4g@umich.edu,Genderqueer,214.21.187.59
1262,Elna,Speeks,espeeks4h@reddit.com,Female,178.141.152.145
1263,Roi,Tooting,rtooting4i@tripadvisor.com,Non-binary,40.234.240.2
1264,Mariann,Logg,mlogg4j@google.com,Female,201.15.78.68
1265,Ilaire,Ewbanks,iewbanks4k@auda.org.au,Genderfluid,61.219.39.25
1266,Beckie,Dewire,bdewire4l@baidu.com,Female,218.123.25.37
1267,Evey,Crackett,ecrackett4m@chicagotribune.com,Polygender,49.181.204.109
1268,Rad,Bodsworth,rbodsworth4n@nydailynews.com,Male,186.234.189.94
1269,Jelene,Baitey,jbaitey4o@psu.edu,Bigender,254.172.78.250
1270,Grethel,Pace,gpace4p@purevolume.com,Female,76.203.68.101
1271,Caty,Noteyoung,cnoteyoung4q@trellian.com,Female,6.88.164.245
1272,Bram,Boyd,bboyd4r@jugem.jp,Male,35.52.240.63
1273,Kerry,Minucci,kminucci4s@bing.com,Male,165.226.217.109
1274,Collie,Duffy,cduffy4t@shop-pro.jp,Female,39.87.149.94
1275,Zerk,Vautre,zvautre4u@yale.edu,Male,173.236.93.104
1276,Cybill,Ashelford,cashelford4v@jigsy.com,Female,66.167.48.178
1277,Derk,Mackiewicz,dmackiewicz4w@about.com,Male,123.137.3.66
1278,Anderea,Levinge,alevinge4x@discovery.com,Female,216.88.241.80
1279,Mill,Cudbird,mcudbird4y@reddit.com,Male,9.169.53.92
1280,Julietta,Suffield,jsuffield4z@npr.org,Female,229.242.106.122
1281,Bay,Broadbear,bbroadbear50@t.co,Male,51.53.55.167
1282,Brittany,Hurley,bhurley51@icio.us,Female,49.156.137.227
1283,Ogdon,Titterrell,otitterrell52@apache.org,Male,28.217.5.191
1284,Eddy,O'Neal,eoneal53@redcross.org,Female,213.94.128.159
1285,Toiboid,Collingwood,tcollingwood54@unicef.org,Male,116.72.141.49
1286,Bess,Haborn,bhaborn55@illinois.edu,Female,98.18.76.254
1287,Darnall,Grimsdale,dgrimsdale56@ebay.co.uk,Male,156.3.159.141
1288,Rudolf,Mioni,rmioni57@state.gov,Male,6.39.63.90
1289,Ludwig,Stimpson,lstimpson58@cmu.edu,Male,78.48.201.216
1290,Jolyn,Arger,jarger59@businessinsider.com,Female,73.44.164.86
1291,Arri,Hansell,ahansell5a@devhub.com,Male,66.173.32.29
1292,Randie,Fenge,rfenge5b@washington.edu,Male,51.214.95.10
1293,Sonnie,Arnaudon,sarnaudon5c@ft.com,Male,181.44.58.3
1294,Richmound,Lemmanbie,rlemmanbie5d@last.fm,Male,155.56.149.203
1295,Dal,Balharrie,dbalharrie5e@skyrock.com,Male,233.170.75.34
1296,Cristi,Keoghan,ckeoghan5f@yellowbook.com,Female,151.82.235.15
1297,Hillard,Tilby,htilby5g@bizjournals.com,Male,241.189.90.164
1298,Barr,Slatten,bslatten5h@washingtonpost.com,Male,18.84.109.164
1299,Vinny,Foran,vforan5i@dropbox.com,Female,76.15.238.32
1300,Mickie,Troubridge,mtroubridge5j@arstechnica.com,Female,245.117.193.162
1301,Dulcine,Cudmore,dcudmore5k@ycombinator.com,Female,194.153.71.224
1302,Esmeralda,Di Giacomo,edigiacomo5l@hostgator.com,Female,24.81.42.80
1303,Osgood,Beere,obeere5m@senate.gov,Male,236.96.93.93
1304,Katharina,Signorelli,ksignorelli5n@usda.gov,Female,35.202.230.255
1305,Christalle,Esmead,cesmead5o@auda.org.au,Female,169.87.183.207
1306,Sheeree,Isenor,sisenor5p@dell.com,Female,96.28.51.245
1307,Elise,Cordeix,ecordeix5q@netvibes.com,Female,195.6.173.189
1308,Courtnay,Parkhouse,cparkhouse5r@amazon.co.jp,Female,8.124.13.31
1309,Friedrich,Bendson,fbendson5s@samsung.com,Male,243.140.41.250
1310,Lethia,Houlahan,lhoulahan5t@reddit.com,Female,213.44.153.92
1311,Walt,Cummine,wcummine5u@chronoengine.com,Male,19.201.160.120
1312,Erroll,Megany,emegany5v@yelp.com,Male,159.239.116.23
1313,Heloise,Gatland,hgatland5w@a8.net,Female,79.51.94.2
1314,Myrvyn,Arnowitz,marnowitz5x@cornell.edu,Male,184.44.137.61
1315,Bebe,Duff,bduff5y@plala.or.jp,Female,122.141.100.141
1316,See,Schneidar,sschneidar5z@wsj.com,Male,112.22.91.16
1317,Tamiko,Siward,tsiward60@youtu.be,Female,97.87.217.223
1318,Dwayne,Nower,dnower61@themeforest.net,Male,38.243.135.149
1319,Dell,Bentall,dbentall62@surveymonkey.com,Male,203.229.161.83
1320,Anastasia,Carcass,acarcass63@about.com,Female,165.64.123.73
1321,Hilliard,Kingsworth,hkingsworth64@meetup.com,Male,115.76.224.110
1322,Dido,Bobasch,dbobasch65@google.ca,Polygender,208.208.10.26
1323,Meara,Setterthwait,msetterthwait66@geocities.com,Female,142.178.203.104
1324,Alecia,Kerins,akerins67@technorati.com,Female,126.54.110.168
1325,Valentine,Foan,vfoan68@time.com,Male,122.92.11.228
1326,Bobinette,Beardwell,bbeardwell69@princeton.edu,Female,145.112.67.150
1327,Darill,Coghlin,dcoghlin6a@mozilla.org,Male,148.217.134.104
1328,Hammad,Brosh,hbrosh6b@nhs.uk,Male,14.245.225.226
1329,Chariot,O'Hallihane,cohallihane6c@icio.us,Male,172.180.53.26
1330,Heall,Burditt,hburditt6d@army.mil,Male,91.196.95.132
1331,Lindy,Ligoe,lligoe6e@hexun.com,Female,76.22.216.31
1332,Kendell,Doughill,kdoughill6f@sfgate.com,Male,213.97.211.14
1333,Cello,Dannehl,cdannehl6g@last.fm,Male,247.3.249.72
1334,Dexter,Bilby,dbilby6h@1und1.de,Male,255.121.99.55
1335,Earl,Manwell,emanwell6i@columbia.edu,Male,188.4.131.4
1336,Seana,Reightley,sreightley6j@usda.gov,Female,231.128.83.24
1337,Serena,Zwicker,szwicker6k@google.com.br,Female,42.68.56.63
1338,Delcina,Akaster,dakaster6l@stanford.edu,Female,235.240.109.207
1339,Vinny,Lissemore,vlissemore6m@rambler.ru,Female,175.211.97.49
1340,Jeth,Moraleda,jmoraleda6n@w3.org,Male,119.138.247.108
1341,Rurik,Hazelgreave,rhazelgreave6o@chicagotribune.com,Male,200.103.215.238
1342,Maury,Spink,mspink6p@wordpress.com,Male,22.13.24.165
1343,Alana,Baddoe,abaddoe6q@nymag.com,Female,204.111.148.99
1344,Lauri,Clowney,lclowney6r@deliciousdays.com,Female,59.104.187.39
1345,Antoinette,Maddra,amaddra6s@mit.edu,Female,166.230.102.203
1346,Danya,Eads,deads6t@virginia.edu,Male,93.248.34.169
1347,Kathie,Simms,ksimms6u@google.es,Female,213.231.248.70
1348,Jemie,Darker,jdarker6v@deliciousdays.com,Female,66.97.141.208
1349,Jeffry,Clyma,jclyma6w@ox.ac.uk,Male,24.238.227.220
1350,Ulrich,McGillicuddy,umcgillicuddy6x@sakura.ne.jp,Male,146.24.73.82
1351,Ferrel,McGarry,fmcgarry6y@sohu.com,Male,216.135.170.212
1352,Marie,Lochhead,mlochhead6z@seesaa.net,Female,203.53.43.95
1353,Keary,Semrad,ksemrad70@scientificamerican.com,Male,84.46.255.189
1354,Webb,Camili,wcamili71@dion.ne.jp,Male,226.4.125.199
1355,Chloe,Zoppo,czoppo72@geocities.com,Genderqueer,213.88.89.28
1356,Alexandros,Huckin,ahuckin73@pbs.org,Male,48.56.126.189
1357,Gustavus,Eddy,geddy74@addtoany.com,Male,74.33.123.33
1358,Levi,McGrirl,lmcgrirl75@usgs.gov,Male,163.175.167.215
1359,Tarrah,Larcier,tlarcier76@intel.com,Female,9.15.72.52
1360,Neils,Carnihan,ncarnihan77@freewebs.com,Male,72.121.235.171
1361,Luciano,Tacker,ltacker78@clickbank.net,Male,108.162.70.5
1362,Rickard,McPaik,rmcpaik79@trellian.com,Male,79.217.28.232
1363,Tonia,Stammirs,tstammirs7a@bandcamp.com,Female,174.175.237.215
1364,Lew,Marvin,lmarvin7b@addtoany.com,Male,215.106.176.99
1365,Artemas,Manilove,amanilove7c@liveinternet.ru,Male,29.217.41.85
1366,Moore,Bartoszewski,mbartoszewski7d@scientificamerican.com,Male,217.191.46.213
1367,Daron,Balaisot,dbalaisot7e@linkedin.com,Male,167.220.181.129
1368,Denise,Bresner,dbresner7f@ycombinator.com,Female,4.134.37.205
1369,Val,Poleykett,vpoleykett7g@nasa.gov,Bigender,251.80.190.212
1370,Tate,Fewster,tfewster7h@disqus.com,Male,188.79.178.99
1371,Cammy,Wallentin,cwallentin7i@cnn.com,Male,42.17.226.225
1372,Wanda,Lazenby,wlazenby7j@123-reg.co.uk,Female,210.75.27.125
1373,Abby,Peschet,apeschet7k@thetimes.co.uk,Male,135.37.13.114
1374,Randy,Salterne,rsalterne7l@deviantart.com,Female,239.91.226.250
1375,Tiffany,Baudinelli,tbaudinelli7m@europa.eu,Female,148.114.69.33
1376,Lambert,Turmel,lturmel7n@columbia.edu,Male,101.254.51.113
1377,Krishna,Meran,kmeran7o@fastcompany.com,Male,69.10.200.65
1378,Lyndy,Tuftin,ltuftin7p@arizona.edu,Female,177.128.200.3
1379,Karen,Trenbey,ktrenbey7q@cdc.gov,Female,158.46.175.57
1380,Leigh,Bellini,lbellini7r@whitehouse.gov,Bigender,196.97.74.218
1381,Jaine,McQuode,jmcquode7s@opera.com,Female,191.191.85.43
1382,Veronike,Probbings,vprobbings7t@twitter.com,Female,73.243.7.77
1383,Brook,Northall,bnorthall7u@live.com,Male,88.124.29.192
1384,Onfre,Debenham,odebenham7v@si.edu,Male,6.170.182.75
1385,Glendon,Hanlin,ghanlin7w@taobao.com,Male,4.87.67.186
1386,Haywood,Cabotto,hcabotto7x@nih.gov,Male,155.3.57.16
1387,Trevar,Obin,tobin7y@macromedia.com,Male,143.88.18.42
1388,Adrianna,Henricsson,ahenricsson7z@flickr.com,Female,179.160.234.205
1389,Ethelred,Walles,ewalles80@businessinsider.com,Male,182.128.207.141
1390,Monti,Barenski,mbarenski81@soundcloud.com,Male,205.1.184.3
1391,Kermie,Reignould,kreignould82@engadget.com,Male,76.40.118.29
1392,Hobard,Bonney,hbonney83@jiathis.com,Male,20.63.24.59
1393,Gwendolen,Gear,ggear84@chron.com,Female,181.71.154.39
1394,Hilliard,Ebbett,hebbett85@cnn.com,Male,159.36.203.20
1395,Felipa,Ducker,fducker86@qq.com,Female,132.143.119.167
1396,Claudian,Wheatland,cwheatland87@hao123.com,Male,198.247.27.155
1397,Burch,Kiddey,bkiddey88@sina.com.cn,Male,147.168.100.169
1398,Carlin,Breagan,cbreagan89@1und1.de,Male,146.67.99.162
1399,Sibby,Gobbet,sgobbet8a@amazon.com,Female,198.193.184.61
1400,Cherry,Longworth,clongworth8b@skyrock.com,Female,107.214.46.115
1401,Adrian,Stonuary,astonuary8c@zdnet.com,Male,46.123.106.60
1402,Benn,Frie,bfrie8d@hud.gov,Male,43.80.23.177
1403,Ed,Aulsford,eaulsford8e@dell.com,Male,212.20.118.64
1404,Cody,Applebee,capplebee8f@go.com,Male,135.136.56.32
1405,Brittne,Caplan,bcaplan8g@dot.gov,Female,101.101.65.223
1406,Mariellen,Sheasby,msheasby8h@economist.com,Female,152.30.230.228
1407,Jard,McCooke,jmccooke8i@examiner.com,Male,178.169.213.28
1408,Care,Legendre,clegendre8j@umn.edu,Genderqueer,8.25.135.222
1409,Karol,Malpass,kmalpass8k@trellian.com,Female,197.89.241.53
1410,Aube,Bliven,abliven8l@nature.com,Male,70.110.145.239
1411,Blanch,Colliber,bcolliber8m@thetimes.co.uk,Female,69.119.34.0
1412,Carlynn,Odom,codom8n@mit.edu,Female,138.39.215.219
1413,Mavis,Risborough,mrisborough8o@etsy.com,Female,103.144.20.158
1414,Karel,Borgne,kborgne8p@taobao.com,Male,207.2.69.118
1415,Delly,Pollington,dpollington8q@usa.gov,Female,234.147.134.117
1416,Winifield,Kordt,wkordt8r@360.cn,Male,115.228.172.213
1417,Godfrey,Dalziel,gdalziel8s@prweb.com,Male,232.81.131.87
1418,Fawn,Brixey,fbrixey8t@networkadvertising.org,Female,96.218.201.249
1419,Solly,McCullogh,smccullogh8u@discovery.com,Male,141.159.191.41
1420,Hadrian,Ellerker,hellerker8v@marriott.com,Male,92.79.222.104
1421,Hilly,Evens,hevens8w@delicious.com,Male,202.40.242.21
1422,Berti,Reuther,breuther8x@etsy.com,Male,162.193.112.237
1423,Shem,Gaishson,sgaishson8y@usa.gov,Male,204.126.200.45
1424,Alessandra,Halwood,ahalwood8z@msn.com,Female,126.103.175.158
1425,Florie,Deeson,fdeeson90@delicious.com,Female,224.75.137.143
1426,Andriette,Cuolahan,acuolahan91@cnn.com,Female,208.111.228.206
1427,Robbin,Selesnick,rselesnick92@tumblr.com,Female,9.95.244.252
1428,Hadleigh,Marlon,hmarlon93@themeforest.net,Male,124.33.23.242
1429,Nickolai,Epp,nepp94@reuters.com,Male,105.208.90.141
1430,Dalia,Blaxall,dblaxall95@nymag.com,Female,93.122.233.63
1431,Ximenes,Matelyunas,xmatelyunas96@go.com,Male,205.125.71.228
1432,Fanchon,Killshaw,fkillshaw97@sciencedaily.com,Female,194.72.244.4
1433,Francesca,Kynder,fkynder98@businessinsider.com,Female,51.113.107.224
1434,Marget,MacQuaker,mmacquaker99@flavors.me,Female,38.36.29.131
1435,Avie,Almak,aalmak9a@pagesperso-orange.fr,Genderfluid,11.155.15.104
1436,Ossie,Danev,odanev9b@cdc.gov,Male,65.107.91.142
1437,Harrison,Sagar,hsagar9c@addthis.com,Male,14.59.143.1
1438,Julie,Fearnall,jfearnall9d@si.edu,Female,31.83.227.205
1439,Abigail,Angear,aangear9e@bloglovin.com,Female,200.42.223.9
1440,Emeline,Pelz,epelz9f@1688.com,Female,8.130.230.180
1441,Joey,Bisson,jbisson9g@about.com,Male,18.220.132.64
1442,Janina,Turville,jturville9h@edublogs.org,Female,134.164.37.245
1443,Jerrilee,Briton,jbriton9i@weibo.com,Female,155.92.240.144
1444,Ian,Duffy,iduffy9j@a8.net,Male,115.103.111.248
1445,Alejandra,Ivashnyov,aivashnyov9k@hostgator.com,Female,146.6.54.141
1446,Adelheid,Breslau,abreslau9l@statcounter.com,Female,62.86.129.73
1447,Judie,Hurdwell,jhurdwell9m@howstuffworks.com,Female,138.179.116.230
1448,Quint,Comrie,qcomrie9n@narod.ru,Male,184.47.165.76
1449,Johan,Austins,jaustins9o@digg.com,Male,4.62.146.199
1450,Courtnay,Timbridge,ctimbridge9p@about.com,Female,133.144.51.76
1451,Marcellina,Hartegan,mhartegan9q@theglobeandmail.com,Genderfluid,161.179.27.205
1452,Barnett,Bown,bbown9r@dell.com,Male,32.97.217.234
1453,Malvin,Naulty,mnaulty9s@a8.net,Male,37.203.48.176
1454,Merrick,Besnard,mbesnard9t@dailymotion.com,Male,89.194.114.88
1455,Ram,Hardaker,rhardaker9u@ameblo.jp,Male,0.211.117.138
1456,Alasdair,Knevett,aknevett9v@nba.com,Male,143.166.181.167
1457,Olva,Orys,oorys9w@mtv.com,Female,155.242.127.94
1458,Kristine,Cobbing,kcobbing9x@sciencedaily.com,Female,189.54.200.149
1459,Virginie,Grimsditch,vgrimsditch9y@discovery.com,Female,194.105.69.198
1460,Rudie,Spatoni,rspatoni9z@amazon.com,Male,107.208.248.103
1461,Huntley,Delaney,hdelaneya0@usa.gov,Genderqueer,179.47.123.172
1462,Suzie,Stimpson,sstimpsona1@digg.com,Female,88.3.159.209
1463,Jasen,Itscowicz,jitscowicza2@nba.com,Male,106.94.84.98
1464,Gail,Gehrtz,ggehrtza3@oakley.com,Male,109.177.89.211
1465,Georgi,Belvin,gbelvina4@w3.org,Non-binary,230.118.4.150
1466,Shirlene,Jarrold,sjarrolda5@printfriendly.com,Female,24.67.115.144
1467,Layne,Bramer,lbramera6@yahoo.com,Female,250.255.213.211
1468,Shelba,Bugdale,sbugdalea7@cbsnews.com,Female,31.240.224.236
1469,Tobi,Golding,tgoldinga8@examiner.com,Female,222.3.246.7
1470,Hadria,Pogg,hpogga9@com.com,Female,60.149.140.1
1471,Rowen,Arno,rarnoaa@diigo.com,Male,44.92.200.157
1472,Anatollo,Tilby,atilbyab@prnewswire.com,Male,153.161.194.141
1473,Marjie,Prayer,mprayerac@umn.edu,Female,40.155.68.19
1474,Cherice,Loade,cloadead@sina.com.cn,Female,99.75.69.254
1475,Mag,Shotter,mshotterae@cbslocal.com,Female,230.69.69.230
1476,Oralie,Veryard,overyardaf@mapquest.com,Female,88.201.177.29
1477,Natalina,Graalmans,ngraalmansag@uol.com.br,Female,233.93.195.161
1478,Garnet,Polglase,gpolglaseah@cpanel.net,Female,60.77.97.232
1479,Natty,Lindmark,nlindmarkai@tiny.cc,Female,123.105.91.166
1480,Peyton,Anwyl,panwylaj@flickr.com,Male,213.127.150.68
1481,Rafaellle,O'Carran,rocarranak@springer.com,Male,54.240.246.152
1482,Crista,Pothbury,cpothburyal@cisco.com,Female,245.158.117.203
1483,Zelig,Ciottoi,zciottoiam@wikimedia.org,Male,57.250.120.137
1484,Godfry,Ridges,gridgesan@scribd.com,Male,15.188.10.76
1485,Lazaro,Brumwell,lbrumwellao@newyorker.com,Male,71.65.127.63
1486,Crosby,Ernshaw,cernshawap@redcross.org,Male,120.55.33.82
1487,Sibeal,Utting,suttingaq@google.co.uk,Female,176.214.130.142
1488,Kessia,Mallalieu,kmallalieuar@dagondesign.com,Female,230.109.251.40
1489,Morly,Ketteridge,mketteridgeas@tmall.com,Male,57.230.140.182
1490,Adele,Mowsley,amowsleyat@pinterest.com,Genderfluid,239.158.209.11
1491,Gilberta,Darlow,gdarlowau@bbc.co.uk,Genderfluid,228.184.233.161
1492,Benito,Selwyn,bselwynav@alexa.com,Male,197.79.254.190
1493,Lavina,Penniell,lpenniellaw@shop-pro.jp,Female,211.209.162.189
1494,Milka,Meadley,mmeadleyax@wp.com,Female,3.92.68.142
1495,Brocky,Sheivels,bsheivelsay@live.com,Male,127.151.177.180
1496,Ursala,Coatman,ucoatmanaz@tiny.cc,Female,103.186.34.72
1497,Cloe,Honig,chonigb0@infoseek.co.jp,Female,18.247.10.242
1498,Gretna,Giacometti,ggiacomettib1@hc360.com,Female,158.51.150.101
1499,Giuseppe,Kahn,gkahnb2@google.fr,Male,111.225.209.230
1500,Randi,Shoosmith,rshoosmithb3@comcast.net,Male,120.181.20.211
1501,Coral,Wahncke,cwahnckeb4@wsj.com,Female,135.67.176.210
1502,Erin,Falshaw,efalshawb5@addthis.com,Male,10.122.250.18
1503,Frazer,Bluett,fbluettb6@intel.com,Polygender,249.25.244.128
1504,Felicia,Coulman,fcoulmanb7@mtv.com,Female,198.111.95.186
1505,Dianemarie,Casa,dcasab8@harvard.edu,Female,215.236.232.252
1506,Freda,Panyer,fpanyerb9@dell.com,Female,177.6.145.130
1507,Oby,Peagrim,opeagrimba@tripod.com,Male,170.15.20.31
1508,Brenna,Mangeot,bmangeotbb@ovh.net,Bigender,223.146.182.206
1509,Izak,Gjerde,igjerdebc@myspace.com,Male,109.120.207.215
1510,Cassondra,Clarricoates,cclarricoatesbd@vimeo.com,Female,232.27.222.16
1511,Kass,Tinmouth,ktinmouthbe@weebly.com,Female,72.116.223.184
1512,Tami,Kohring,tkohringbf@xing.com,Female,255.57.123.60
1513,Sophi,Petric,spetricbg@godaddy.com,Female,33.59.54.196
1514,Trumaine,Olrenshaw,tolrenshawbh@opensource.org,Male,95.200.45.28
1515,Bliss,Hughs,bhughsbi@army.mil,Bigender,37.137.5.206
1516,Carole,Coombes,ccoombesbj@webmd.com,Female,28.42.93.89
1517,Quinn,Haydn,qhaydnbk@arizona.edu,Male,230.118.69.133
1518,Barnebas,Moat,bmoatbl@cornell.edu,Male,12.17.181.242
1519,Jan,Cholmondeley,jcholmondeleybm@sfgate.com,Female,55.103.103.53
1520,Darcey,Pahl,dpahlbn@adobe.com,Female,117.170.203.223
1521,Corly,Buckingham,cbuckinghambo@mtv.com,Female,86.221.215.94
1522,Arne,Livard,alivardbp@comsenz.com,Male,255.113.53.161
1523,Flor,Ratray,fratraybq@hibu.com,Female,198.205.152.155
1524,Mathian,Castlake,mcastlakebr@vinaora.com,Male,174.140.41.92
1525,Tessi,Guiu,tguiubs@ucla.edu,Female,65.182.255.118
1526,Aluin,Jiles,ajilesbt@blog.com,Male,13.39.6.55
1527,Em,Opfer,eopferbu@devhub.com,Female,2.59.73.255
1528,Rosamund,McCaffery,rmccafferybv@cnn.com,Female,34.190.99.1
1529,Adelind,McIlory,amcilorybw@mayoclinic.com,Female,117.88.148.222
1530,Bernhard,Ralestone,bralestonebx@merriam-webster.com,Male,47.92.67.5
1531,Sergent,Petzolt,spetzoltby@mapy.cz,Male,63.212.50.107
1532,Gonzalo,Foltin,gfoltinbz@tmall.com,Male,229.32.146.192
1533,Greer,Paskell,gpaskellc0@nationalgeographic.com,Female,131.188.207.108
1534,Tammy,Thorby,tthorbyc1@exblog.jp,Male,70.122.59.38
1535,Krishna,Samms,ksammsc2@studiopress.com,Male,116.120.160.156
1536,Nixie,Grindall,ngrindallc3@about.me,Female,43.154.53.23
1537,Kelsey,Riddle,kriddlec4@skype.com,Polygender,223.166.186.181
1538,Gregg,Fratson,gfratsonc5@altervista.org,Male,20.25.194.27
1539,Jewelle,Chaloner,jchalonerc6@auda.org.au,Female,160.11.92.120
1540,Jaquith,Whelpdale,jwhelpdalec7@lycos.com,Agender,57.168.7.206
1541,Leland,Teager,lteagerc8@gnu.org,Bigender,179.85.31.35
1542,Mareah,Welberry,mwelberryc9@mapquest.com,Female,133.157.184.215
1543,Giles,Seabert,gseabertca@bloglovin.com,Male,71.182.5.32
1544,Alley,Latham,alathamcb@fc2.com,Male,183.215.229.17
1545,Reynolds,Sidwell,rsidwellcc@lulu.com,Male,202.112.160.62
1546,Ketty,Matushevich,kmatushevichcd@skyrock.com,Female,88.175.107.65
1547,Wilhelmina,Riehm,wriehmce@opera.com,Non-binary,27.209.38.148
1548,Ev,Wolfers,ewolferscf@mapy.cz,Male,241.200.149.22
1549,Anatol,Dundon,adundoncg@cbsnews.com,Male,20.167.128.178
1550,Ambrosius,Skentelbury,askentelburych@t.co,Male,11.143.8.125
1551,Ewell,Cotton,ecottonci@salon.com,Male,184.81.210.30
1552,Kath,Bines,kbinescj@google.it,Female,247.108.209.1
1553,Josiah,Redemile,jredemileck@yandex.ru,Male,156.233.61.6
1554,Aindrea,Letterese,aletteresecl@rambler.ru,Female,187.44.28.212
1555,Antons,Snodin,asnodincm@oracle.com,Polygender,103.196.76.114
1556,Benedikta,Strase,bstrasecn@cyberchimps.com,Female,80.231.124.190
1557,Gussi,Jurges,gjurgesco@amazon.de,Female,166.236.18.59
1558,Bentley,Sloegrave,bsloegravecp@statcounter.com,Male,89.158.39.85
1559,Nissa,Covill,ncovillcq@sohu.com,Female,65.79.128.225
1560,Wynne,Connop,wconnopcr@gov.uk,Female,197.110.42.143
1561,Boote,Audibert,baudibertcs@hp.com,Male,5.75.18.1
1562,Tracy,Muldowney,tmuldowneyct@macromedia.com,Female,170.239.241.130
1563,Veronique,Amberg,vambergcu@archive.org,Female,138.62.113.27
1564,Gwendolyn,Bracegirdle,gbracegirdlecv@plala.or.jp,Female,61.170.123.98
1565,Lillian,Ivanisov,livanisovcw@liveinternet.ru,Genderfluid,202.54.226.79
1566,Glynis,Gasparro,ggasparrocx@creativecommons.org,Female,176.89.17.215
1567,Caz,Charlwood,ccharlwoodcy@eepurl.com,Male,132.191.248.245
1568,Editha,Heinert,eheinertcz@bloglovin.com,Female,48.32.121.255
1569,Raleigh,Najera,rnajerad0@go.com,Male,130.125.161.165
1570,Kelly,Glidder,kglidderd1@archive.org,Male,225.198.97.56
1571,Deva,Barribal,dbarribald2@harvard.edu,Female,89.54.130.49
1572,Ingamar,Pudding,ipuddingd3@1und1.de,Male,54.210.250.35
1573,Wynn,Campa,wcampad4@blogtalkradio.com,Female,236.87.203.185
1574,Patricio,Brocket,pbrocketd5@seesaa.net,Male,127.35.160.6
1575,Elnore,Boncore,eboncored6@twitpic.com,Female,112.131.207.238
1576,Dana,Sisneros,dsisnerosd7@skyrock.com,Female,77.199.29.95
1577,Fernanda,Bugge,fbugged8@ebay.co.uk,Non-binary,205.188.28.243
1578,Estevan,Corden,ecordend9@weather.com,Male,158.171.94.14
1579,Martita,Abrami,mabramida@msu.edu,Female,153.136.238.20
1580,Way,Chazerand,wchazeranddb@360.cn,Male,228.28.225.100
1581,Bertie,Hallede,bhallededc@independent.co.uk,Male,146.50.83.50
1582,Chlo,Alyokhin,calyokhindd@canalblog.com,Polygender,147.42.114.99
1583,Annetta,Hazell,ahazellde@europa.eu,Female,249.152.156.157
1584,Dorothy,Dreinan,ddreinandf@smh.com.au,Bigender,217.94.125.138
1585,Chickie,Helian,cheliandg@i2i.jp,Female,33.204.67.186
1586,Ardella,Yuryichev,ayuryichevdh@bloglovin.com,Genderqueer,168.158.251.59
1587,Angela,Gulleford,agulleforddi@is.gd,Female,30.24.190.211
1588,Drud,Lambarton,dlambartondj@bluehost.com,Male,235.8.7.168
1589,Sayer,Coultous,scoultousdk@google.fr,Male,66.113.116.27
1590,Gayler,Slocombe,gslocombedl@fotki.com,Male,33.129.30.97
1591,Zacharia,Ceely,zceelydm@smh.com.au,Male,252.235.24.105
1592,Breanne,Maude,bmaudedn@goodreads.com,Female,241.246.154.180
1593,Torrin,Laguerre,tlaguerredo@mlb.com,Male,166.79.175.134
1594,Jedediah,Machel,jmacheldp@ucsd.edu,Male,71.170.57.12
1595,Daphna,Petrasso,dpetrassodq@arizona.edu,Female,196.107.183.237
1596,Marijo,Aliman,malimandr@bloglines.com,Female,175.187.151.37
1597,Charmion,Curson,ccursonds@npr.org,Female,225.33.180.200
1598,Isidor,Drinkhill,idrinkhilldt@washingtonpost.com,Genderfluid,55.120.46.182
1599,Montague,Wareing,mwareingdu@berkeley.edu,Male,61.198.219.172
1600,Wat,Crannell,wcrannelldv@google.es,Male,161.66.81.205
1601,Riordan,Grestye,rgrestyedw@dedecms.com,Male,210.242.131.244
1602,Sayre,Summersby,ssummersbydx@unblog.fr,Male,218.57.115.62
1603,Fiorenze,Spours,fspoursdy@51.la,Female,210.15.1.13
1604,Beryle,Donaghy,bdonaghydz@opensource.org,Female,213.91.246.177
1605,Xenos,Bercher,xberchere0@ebay.co.uk,Male,215.121.55.43
1606,Tasia,Hunting,thuntinge1@aol.com,Female,236.110.68.3
1607,Dinah,Bompas,dbompase2@arstechnica.com,Female,52.4.74.79
1608,Dionysus,Gouldthorpe,dgouldthorpee3@deliciousdays.com,Genderqueer,144.206.64.65
1609,Caryn,Hughf,chughfe4@discovery.com,Female,14.17.3.234
1610,Keith,O'Harney,koharneye5@dmoz.org,Male,105.133.71.199
1611,Monty,Petheridge,mpetheridgee6@tmall.com,Male,203.124.245.156
1612,Miles,Cotsford,mcotsforde7@homestead.com,Male,43.55.192.180
1613,Giffard,Vaisey,gvaiseye8@myspace.com,Male,55.184.125.118
1614,Phip,Middiff,pmiddiffe9@reddit.com,Agender,215.44.169.216
1615,Griffin,Braunroth,gbraunrothea@nba.com,Male,248.5.97.236
1616,Ginnifer,Martijn,gmartijneb@theglobeandmail.com,Female,226.223.79.231
1617,Melba,Swafford,mswaffordec@cnet.com,Female,46.209.210.1
1618,Christy,Miguet,cmigueted@delicious.com,Male,46.111.180.55
1619,Lennard,Dewes,ldewesee@mapy.cz,Male,66.224.191.16
1620,Town,Sobieski,tsobieskief@booking.com,Male,34.133.204.37
1621,Elinore,Westmorland,ewestmorlandeg@hubpages.com,Female,157.127.168.63
1622,Shayna,Desesquelle,sdesesquelleeh@gnu.org,Female,205.9.104.21
1623,Dorisa,Sifleet,dsifleetei@cmu.edu,Female,107.110.186.196
1624,Nate,Ockland,nocklandej@comcast.net,Male,18.97.192.5
1625,Burtie,McDavid,bmcdavidek@1688.com,Male,187.252.147.4
1626,Alejandro,Hendrix,ahendrixel@stumbleupon.com,Male,130.229.243.9
1627,Cleve,Fardy,cfardyem@berkeley.edu,Male,198.18.31.186
1628,Cort,Castree,ccastreeen@domainmarket.com,Male,94.22.91.164
1629,Lilia,Wren,lwreneo@toplist.cz,Female,202.222.183.240
1630,Brandy,Masdin,bmasdinep@bluehost.com,Male,194.229.176.126
1631,Nikolas,Vedeshkin,nvedeshkineq@reuters.com,Genderfluid,70.252.141.152
1632,Abba,Pringley,apringleyer@hostgator.com,Male,192.107.99.237
1633,Yancey,McClunaghan,ymcclunaghanes@blog.com,Male,223.112.18.169
1634,Rey,MacMarcuis,rmacmarcuiset@naver.com,Male,153.87.178.206
1635,Kenton,Mallabar,kmallabareu@aboutads.info,Male,211.3.6.57
1636,Thadeus,Babidge,tbabidgeev@weebly.com,Male,79.62.50.196
1637,Cris,Alliband,callibandew@marriott.com,Male,150.155.171.243
1638,Paton,Clemenzo,pclemenzoex@instagram.com,Male,237.86.5.131
1639,Ada,Clackson,aclacksoney@hp.com,Female,197.113.45.78
1640,Athena,Bidewell,abidewellez@about.me,Female,29.113.111.106
1641,Aurore,Kastel,akastelf0@oakley.com,Female,187.255.215.129
1642,Johnathan,Chapelhow,jchapelhowf1@elpais.com,Male,33.79.41.185
1643,Zerk,Hugnin,zhugninf2@craigslist.org,Male,183.105.64.79
1644,Bridgette,Wagen,bwagenf3@reference.com,Agender,151.255.69.3
1645,Farah,Shory,fshoryf4@networksolutions.com,Female,153.200.252.54
1646,Galina,Pawel,gpawelf5@bloomberg.com,Female,67.85.238.153
1647,Ramsay,Nulty,rnultyf6@surveymonkey.com,Male,207.22.21.13
1648,Alejandro,Stembridge,astembridgef7@sohu.com,Male,70.108.248.233
1649,Benny,Sambles,bsamblesf8@merriam-webster.com,Male,229.87.25.131
1650,Willi,Bowdidge,wbowdidgef9@microsoft.com,Male,47.9.207.13
1651,Harmonie,Treuge,htreugefa@noaa.gov,Female,29.93.23.227
1652,Lucretia,Tatem,ltatemfb@omniture.com,Female,145.63.202.193
1653,Oliviero,Booler,oboolerfc@chron.com,Male,247.47.31.119
1654,Glynn,Cadigan,gcadiganfd@liveinternet.ru,Male,129.163.77.99
1655,Jamie,Rigate,jrigatefe@google.co.jp,Male,112.179.62.20
1656,Barde,Legonidec,blegonidecff@ucoz.ru,Male,199.201.223.40
1657,Brandy,Shovell,bshovellfg@unblog.fr,Male,194.102.77.150
1658,Alasdair,Woolard,awoolardfh@google.ca,Male,96.148.219.243
1659,Dayle,Cathro,dcathrofi@sciencedaily.com,Female,41.85.213.200
1660,Briant,Normand,bnormandfj@sakura.ne.jp,Male,51.63.217.223
1661,Lotty,Oldaker,loldakerfk@t.co,Female,255.40.235.149
1662,Kally,Votier,kvotierfl@jiathis.com,Female,100.100.191.128
1663,Heath,Hackney,hhackneyfm@pinterest.com,Male,4.213.25.1
1664,Winni,Shorthouse,wshorthousefn@wisc.edu,Female,154.168.105.254
1665,Kaylyn,Meadus,kmeadusfo@cbsnews.com,Female,131.5.50.78
1666,Leonardo,Mullett,lmullettfp@tiny.cc,Male,221.0.143.239
1667,Johnny,Willicott,jwillicottfq@examiner.com,Male,113.12.140.163
1668,Enrico,Itzakovitz,eitzakovitzfr@usatoday.com,Male,31.225.133.23
1669,Ethelbert,Dallin,edallinfs@ibm.com,Male,145.169.193.239
1670,Agatha,Whatman,awhatmanft@squidoo.com,Female,76.140.26.153
1671,Faythe,Houldey,fhouldeyfu@xing.com,Female,209.195.247.209
1672,Kata,Di Baudi,kdibaudifv@columbia.edu,Genderqueer,57.96.110.66
1673,Denny,Abell,dabellfw@tinyurl.com,Male,79.229.206.202
1674,Pate,Dubock,pdubockfx@bloglovin.com,Male,132.139.223.28
1675,Dal,Lepick,dlepickfy@webnode.com,Male,151.16.100.115
1676,Darin,Berzon,dberzonfz@acquirethisname.com,Male,99.56.163.136
1677,Rey,Roubeix,rroubeixg0@live.com,Female,49.228.177.15
1678,Grayce,Authers,gauthersg1@tamu.edu,Female,135.241.232.101
1679,Stace,Elgey,selgeyg2@furl.net,Female,243.18.109.203
1680,Penny,Sewards,psewardsg3@mlb.com,Genderfluid,36.7.134.98
1681,Babs,Albion,balbiong4@homestead.com,Female,245.245.111.172
1682,Blair,Al Hirsi,balhirsig5@twitpic.com,Female,159.188.204.161
1683,Dukie,Summons,dsummonsg6@indiegogo.com,Male,136.223.168.190
1684,Hailee,Scraney,hscraneyg7@fema.gov,Female,18.165.192.85
1685,Johann,Deporte,jdeporteg8@redcross.org,Male,22.73.140.87
1686,Byram,Florez,bflorezg9@rediff.com,Male,31.83.120.147
1687,Gerti,Seggie,gseggiega@yandex.ru,Female,55.93.96.132
1688,Kass,Bruyns,kbruynsgb@theatlantic.com,Female,3.190.233.124
1689,Basia,Dionisetto,bdionisettogc@meetup.com,Female,213.59.237.9
1690,Weston,Bromehed,wbromehedgd@php.net,Male,157.103.234.195
1691,Juliann,Piddick,jpiddickge@hubpages.com,Female,32.224.185.153
1692,Randolph,Sugg,rsugggf@is.gd,Male,105.67.158.34
1693,Falkner,Wasielewicz,fwasielewiczgg@themeforest.net,Male,225.47.214.232
1694,Ammamaria,Astman,aastmangh@google.co.jp,Female,228.105.255.158
1695,Bobbye,Malletratt,bmalletrattgi@vkontakte.ru,Female,240.64.207.111
1696,Vanessa,Simoncello,vsimoncellogj@blogger.com,Female,17.0.71.205
1697,Derril,Faulkner,dfaulknergk@g.co,Male,58.164.209.182
1698,Shea,Redwing,sredwinggl@ifeng.com,Female,73.39.40.169
1699,Barris,Pavlovsky,bpavlovskygm@nydailynews.com,Genderqueer,138.198.94.35
1700,Holly-anne,Gendrich,hgendrichgn@springer.com,Agender,240.240.138.58
1701,Elspeth,Zanassi,ezanassigo@goo.ne.jp,Female,137.140.206.86
1702,Pieter,Branson,pbransongp@fema.gov,Male,71.213.197.234
1703,Ana,Kersting,akerstinggq@newsvine.com,Female,182.219.71.209
1704,Eartha,Benesevich,ebenesevichgr@g.co,Female,116.233.165.29
1705,Ellary,Stair,estairgs@oaic.gov.au,Male,30.248.146.83
1706,Kore,McKenna,kmckennagt@cbsnews.com,Female,125.73.32.189
1707,Vance,Errett,verrettgu@feedburner.com,Male,111.241.183.187
1708,Hadria,MacCleay,hmaccleaygv@samsung.com,Female,247.185.91.55
1709,Shelby,Rennicks,srennicksgw@shareasale.com,Female,19.16.70.201
1710,Denys,Englefield,denglefieldgx@unblog.fr,Male,36.95.244.84
1711,Tonnie,Ezzy,tezzygy@ow.ly,Male,97.240.50.190
1712,Orlando,Da Costa,odacostagz@pcworld.com,Male,221.239.233.29
1713,Issy,Carpe,icarpeh0@icio.us,Female,51.134.19.66
1714,Alberik,Annett,aannetth1@meetup.com,Male,61.59.243.240
1715,Daphna,Stooke,dstookeh2@dion.ne.jp,Female,72.223.241.130
1716,Oberon,Swinden,oswindenh3@xrea.com,Male,227.226.207.85
1717,Cathi,Barrowclough,cbarrowcloughh4@arstechnica.com,Female,204.221.1.179
1718,Cynthy,Shutle,cshutleh5@theatlantic.com,Female,255.111.33.138
1719,Cos,Kitman,ckitmanh6@google.com,Male,203.61.142.224
1720,Melisande,Hegges,mheggesh7@php.net,Female,252.200.63.200
1721,Timi,Domenget,tdomengeth8@icio.us,Female,249.103.167.38
1722,Alli,Haggerwood,ahaggerwoodh9@phoca.cz,Female,19.189.104.7
1723,Grady,Faltskog,gfaltskogha@aol.com,Male,71.143.68.197
1724,Glynda,Cragoe,gcragoehb@pbs.org,Female,115.228.15.208
1725,Huey,Thicking,hthickinghc@arstechnica.com,Male,158.1.182.13
1726,Lynn,Seiter,lseiterhd@rakuten.co.jp,Male,40.156.202.191
1727,Aidan,Duling,adulinghe@indiegogo.com,Female,100.35.231.8
1728,Stanly,Beeby,sbeebyhf@dmoz.org,Male,230.70.151.23
1729,Nisse,Crumbleholme,ncrumbleholmehg@wikia.com,Female,88.199.145.60
1730,Hilarius,Mosedall,hmosedallhh@opera.com,Male,117.172.2.62
1731,Stesha,Leinthall,sleinthallhi@cdc.gov,Female,110.142.166.40
1732,Marya,Balfour,mbalfourhj@tinyurl.com,Female,68.206.246.86
1733,Ezra,Crispin,ecrispinhk@utexas.edu,Male,48.23.69.202
1734,Mordy,Petrou,mpetrouhl@cbslocal.com,Male,158.101.73.159
1735,Tan,Nuzzti,tnuzztihm@mapquest.com,Male,168.196.143.3
1736,Zandra,Farnorth,zfarnorthhn@ocn.ne.jp,Female,135.56.82.50
1737,Keeley,Guido,kguidoho@pen.io,Polygender,30.190.157.139
1738,Issy,Couvet,icouvethp@bloglines.com,Female,47.47.226.82
1739,Burtie,Sartin,bsartinhq@prnewswire.com,Male,141.122.134.67
1740,Rossie,Moulson,rmoulsonhr@tripod.com,Male,228.174.147.83
1741,Devondra,Mallon,dmallonhs@symantec.com,Female,189.97.206.17
1742,Almira,Speake,aspeakeht@xrea.com,Female,152.57.147.94
1743,Gretta,Stannus,gstannushu@hao123.com,Female,129.126.110.135
1744,Nickolai,Ashling,nashlinghv@storify.com,Male,20.173.149.242
1745,Broderic,Almack,balmackhw@forbes.com,Male,92.223.77.136
1746,Falito,Fessier,ffessierhx@businessweek.com,Polygender,41.237.92.221
1747,Niel,Grolle,ngrollehy@aboutads.info,Male,152.64.131.200
1748,Genevieve,Brandon,gbrandonhz@pbs.org,Female,6.46.67.230
1749,Else,Lowden,elowdeni0@ftc.gov,Female,250.57.168.225
1750,Brannon,Haresnape,bharesnapei1@businesswire.com,Male,171.88.214.86
1751,Morgan,Ewart,mewarti2@nyu.edu,Female,37.88.89.174
1752,Clarisse,Tanman,ctanmani3@fastcompany.com,Female,53.87.188.4
1753,Dillon,Dauncey,ddaunceyi4@youtube.com,Male,246.49.143.127
1754,Eolande,Stanlack,estanlacki5@angelfire.com,Female,66.128.97.240
1755,Stafford,Giraudat,sgiraudati6@alexa.com,Male,151.159.178.111
1756,Kacie,Langlois,klangloisi7@shinystat.com,Female,66.112.87.115
1757,Lizabeth,Dukesbury,ldukesburyi8@privacy.gov.au,Female,186.175.96.146
1758,Iorgo,Bispham,ibisphami9@moonfruit.com,Male,232.107.193.140
1759,Yard,Gaythor,ygaythoria@free.fr,Male,201.136.201.145
1760,Gray,Badini,gbadiniib@ibm.com,Male,137.116.120.92
1761,Kamillah,de Pinna,kdepinnaic@gizmodo.com,Female,133.216.90.173
1762,Wiley,Saul,wsaulid@edublogs.org,Male,204.5.221.219
1763,Diane-marie,Salerg,dsalergie@php.net,Female,230.197.0.224
1764,Rheta,Deshorts,rdeshortsif@comcast.net,Bigender,239.82.247.53
1765,Brande,Gethen,bgethenig@sina.com.cn,Agender,79.53.129.94
1766,Beverlee,Pullar,bpullarih@digg.com,Female,22.151.138.151
1767,Irena,Letherbury,iletherburyii@example.com,Female,86.206.235.3
1768,Maurine,Chesterfield,mchesterfieldij@answers.com,Female,85.31.111.164
1769,Barney,Charte,bcharteik@woothemes.com,Genderqueer,252.120.20.189
1770,Maddy,Morrall,mmorrallil@about.com,Female,15.141.142.22
1771,Gabbie,Dursley,gdursleyim@nbcnews.com,Male,172.226.99.227
1772,Lonni,Caen,lcaenin@studiopress.com,Female,41.77.91.182
1773,Wanda,Huckleby,whucklebyio@goo.ne.jp,Female,14.244.213.241
1774,Zacharie,Timbridge,ztimbridgeip@twitpic.com,Male,154.49.135.235
1775,Edmund,Synnott,esynnottiq@amazon.de,Male,138.239.160.152
1776,Inglis,Shinner,ishinnerir@walmart.com,Male,90.68.118.32
1777,Pacorro,Raselles,prasellesis@geocities.jp,Male,229.14.40.251
1778,Ulrikaumeko,McClaughlin,umcclaughlinit@wikipedia.org,Female,207.50.210.122
1779,Dirk,Bloore,dblooreiu@typepad.com,Male,42.116.230.91
1780,Sibby,Crean,screaniv@ycombinator.com,Female,65.52.141.145
1781,Leroi,Labden,llabdeniw@dailymotion.com,Male,187.98.229.116
1782,Winston,Tremellan,wtremellanix@biblegateway.com,Male,192.162.129.198
1783,Jesse,Ericsson,jericssoniy@bloomberg.com,Male,64.211.237.80
1784,Bob,Blowin,bblowiniz@msn.com,Male,225.198.93.63
1785,Anya,Orthmann,aorthmannj0@netlog.com,Female,1.187.79.186
1786,Mady,Minchell,mminchellj1@un.org,Female,62.123.167.19
1787,Therine,Camellini,tcamellinij2@macromedia.com,Female,170.207.32.188
1788,Sile,Partner,spartnerj3@latimes.com,Female,216.158.83.195
1789,Arleen,Wycliff,awycliffj4@rambler.ru,Non-binary,179.217.102.152
1790,Basilio,Cargo,bcargoj5@deviantart.com,Male,25.95.215.228
1791,Hayden,Oxbie,hoxbiej6@huffingtonpost.com,Male,243.118.64.228
1792,Elly,Earie,eeariej7@state.gov,Female,200.127.24.38
1793,Isahella,Renzo,irenzoj8@bluehost.com,Female,108.95.61.89
1794,Noland,Jepperson,njeppersonj9@bing.com,Male,221.163.202.46
1795,Vassili,Cowmeadow,vcowmeadowja@wunderground.com,Male,0.1.196.199
1796,Neilla,Simonelli,nsimonellijb@zdnet.com,Female,196.68.4.58
1797,Georgie,Oman,gomanjc@mtv.com,Female,30.171.26.212
1798,Reinhold,Trulocke,rtrulockejd@imageshack.us,Male,203.61.38.218
1799,Yancy,Smallpiece,ysmallpieceje@bing.com,Male,43.208.27.173
1800,Tatiania,Exeter,texeterjf@nih.gov,Polygender,186.72.236.51
1801,Josey,Chrismas,jchrismasjg@delicious.com,Female,232.48.226.230
1802,Rhys,Reyburn,rreyburnjh@google.nl,Polygender,70.133.236.29
1803,Michell,Everiss,meverissji@godaddy.com,Female,49.119.182.146
1804,Ronda,Enterle,renterlejj@va.gov,Female,116.196.70.216
1805,Royal,MacGhee,rmacgheejk@ebay.com,Male,137.149.68.215
1806,Jud,Lauder,jlauderjl@cpanel.net,Male,66.0.72.184
1807,Shanda,Pauletti,spaulettijm@yale.edu,Female,189.220.168.167
1808,Peggie,Von Der Empten,pvonderemptenjn@devhub.com,Female,131.150.125.10
1809,Tristan,Kittel,tkitteljo@ovh.net,Agender,115.199.209.83
1810,Loren,Guerrin,lguerrinjp@w3.org,Male,95.127.89.21
1811,Elfrieda,Westoff,ewestoffjq@trellian.com,Female,54.194.23.149
1812,Amos,Yanov,ayanovjr@ed.gov,Male,177.150.128.221
1813,Orson,Blasoni,oblasonijs@storify.com,Male,46.100.28.2
1814,Tabby,Nani,tnanijt@ifeng.com,Male,68.220.40.131
1815,Moises,Purdey,mpurdeyju@cmu.edu,Male,185.230.162.91
1816,Munmro,Ryder,mryderjv@usnews.com,Male,183.66.26.238
1817,Dulciana,Dellenbroker,ddellenbrokerjw@adobe.com,Female,147.58.153.3
1818,Giordano,Flintoft,gflintoftjx@wisc.edu,Male,98.183.11.152
1819,Chaddie,Atyea,catyeajy@oracle.com,Male,67.229.189.208
1820,Hilliard,Clarey,hclareyjz@photobucket.com,Male,156.132.72.168
1821,Erich,Older,eolderk0@mediafire.com,Male,232.247.219.95
1822,Ike,Shillan,ishillank1@netscape.com,Male,65.65.32.243
1823,Latrina,McCaskell,lmccaskellk2@soundcloud.com,Female,14.8.146.228
1824,Stoddard,Keslake,skeslakek3@census.gov,Female,189.121.3.226
1825,Dix,Gadney,dgadneyk4@sciencedaily.com,Female,140.69.121.59
1826,Faith,Dumphry,fdumphryk5@diigo.com,Female,236.73.65.196
1827,Leda,Shillington,lshillingtonk6@jimdo.com,Female,130.220.104.5
1828,Susan,Bartaloni,sbartalonik7@ihg.com,Female,48.37.204.155
1829,Howard,Simakov,hsimakovk8@miibeian.gov.cn,Male,6.15.94.103
1830,Perren,Sterman,pstermank9@shop-pro.jp,Male,33.67.33.234
1831,Gale,Guyet,gguyetka@hao123.com,Male,0.25.22.31
1832,Scarlet,Du Fray,sdufraykb@wikispaces.com,Female,133.216.67.72
1833,Beau,Maddison,bmaddisonkc@baidu.com,Male,36.197.252.234
1834,Duffy,Wynrehame,dwynrehamekd@zimbio.com,Male,135.118.170.197
1835,Morie,Digges,mdiggeske@ocn.ne.jp,Male,197.214.94.74
1836,Ansley,Holt,aholtkf@1688.com,Female,37.202.197.199
1837,Kiley,Lidgerton,klidgertonkg@wired.com,Male,73.128.94.36
1838,Britni,Engall,bengallkh@godaddy.com,Female,191.138.5.231
1839,Tobye,Denisovich,tdenisovichki@skyrock.com,Female,177.148.253.170
1840,Bevan,Rosle,broslekj@merriam-webster.com,Male,208.140.150.32
1841,Yetta,Dummer,ydummerkk@themeforest.net,Female,249.139.78.251
1842,Ferris,Dulwitch,fdulwitchkl@irs.gov,Male,233.204.110.252
1843,Julie,Churchward,jchurchwardkm@comcast.net,Female,250.40.219.124
1844,Yvette,Spehr,yspehrkn@freewebs.com,Female,194.143.153.13
1845,Stafford,McGaughey,smcgaugheyko@fastcompany.com,Male,32.175.130.226
1846,Leonelle,Floyd,lfloydkp@slashdot.org,Female,101.24.204.4
1847,Marlon,Karpf,mkarpfkq@flavors.me,Male,141.233.201.90
1848,Eddy,Arnell,earnellkr@biglobe.ne.jp,Female,121.40.57.240
1849,Henri,Millar,hmillarks@wunderground.com,Male,115.202.45.137
1850,Trudi,Suthren,tsuthrenkt@bloomberg.com,Female,161.22.216.223
1851,Aurlie,Letham,alethamku@hubpages.com,Female,233.208.57.134
1852,Davon,Bielfeldt,dbielfeldtkv@constantcontact.com,Male,123.255.95.14
1853,Sumner,Cypler,scyplerkw@angelfire.com,Male,224.230.9.213
1854,Koenraad,Botler,kbotlerkx@hao123.com,Male,46.140.90.5
1855,Cesare,Lambirth,clambirthky@bbc.co.uk,Male,96.129.148.167
1856,Adolphus,Blades,abladeskz@theatlantic.com,Male,102.26.102.1
1857,Rozanna,Blatcher,rblatcherl0@fc2.com,Female,159.21.2.237
1858,Kienan,Salvati,ksalvatil1@joomla.org,Male,37.249.220.179
1859,Quinlan,Goult,qgoultl2@naver.com,Male,52.253.112.228
1860,Amandi,Geekie,ageekiel3@pbs.org,Female,202.242.46.22
1861,Jennilee,Van Schafflaer,jvanschafflaerl4@deviantart.com,Female,71.119.116.186
1862,Jeanelle,Cumpsty,jcumpstyl5@uiuc.edu,Female,232.179.136.48
1863,Lanna,Zorzini,lzorzinil6@sogou.com,Female,64.178.142.54
1864,Heather,Bysshe,hbysshel7@ucoz.com,Female,103.149.50.237
1865,Ferdie,Danielczyk,fdanielczykl8@sourceforge.net,Male,232.18.55.214
1866,Estella,March,emarchl9@craigslist.org,Female,239.248.218.14
1867,Freedman,Feige,ffeigela@home.pl,Male,168.133.133.32
1868,Wes,Boothby,wboothbylb@lycos.com,Male,207.32.161.129
1869,Binnie,Minto,bmintolc@privacy.gov.au,Female,79.151.50.98
1870,Franny,Gellion,fgellionld@nifty.com,Genderfluid,140.188.19.210
1871,Nathalia,Redihalgh,nredihalghle@howstuffworks.com,Female,174.31.32.26
1872,Daron,Leese,dleeself@printfriendly.com,Female,209.236.217.119
1873,Talya,Dalston,tdalstonlg@sohu.com,Female,233.123.15.242
1874,Marielle,O'Spellissey,mospellisseylh@boston.com,Female,144.102.128.139
1875,Ainslee,Eginton,aegintonli@reuters.com,Female,190.228.60.47
1876,Paule,Strong,pstronglj@cbsnews.com,Female,247.65.151.69
1877,Manfred,Nucator,mnucatorlk@tuttocitta.it,Male,45.134.175.239
1878,Winslow,Ness,wnessll@geocities.jp,Male,109.20.194.232
1879,Cash,Atcherley,catcherleylm@pagesperso-orange.fr,Male,56.94.217.112
1880,Annelise,Thody,athodyln@tripadvisor.com,Female,163.32.91.232
1881,Binnie,Grafhom,bgrafhomlo@arizona.edu,Female,203.6.206.129
1882,Bronson,Bramelt,bbrameltlp@youtu.be,Male,212.29.119.196
1883,Brena,Kerford,bkerfordlq@nbcnews.com,Female,16.22.168.231
1884,Alano,Toolan,atoolanlr@virginia.edu,Genderqueer,9.15.72.249
1885,Webb,Belcham,wbelchamls@shareasale.com,Male,20.146.104.54
1886,Ulrich,Lamdin,ulamdinlt@kickstarter.com,Polygender,218.232.94.88
1887,Tedman,Whitehorne,twhitehornelu@sun.com,Male,1.52.184.149
1888,Jere,Print,jprintlv@wix.com,Male,136.167.190.137
1889,Klaus,Blaker,kblakerlw@smugmug.com,Male,174.193.58.211
1890,Claudius,Flaxon,cflaxonlx@printfriendly.com,Genderfluid,254.43.39.115
1891,Brittany,Anfusso,banfussoly@artisteer.com,Female,117.105.102.44
1892,Ryan,Postians,rpostianslz@vimeo.com,Male,52.122.18.91
1893,Kai,Halwell,khalwellm0@pcworld.com,Female,239.47.41.121
1894,Mano,Lothlorien,mlothlorienm1@icq.com,Male,72.36.42.185
1895,Ondrea,Sendall,osendallm2@amazonaws.com,Female,175.121.35.94
1896,Burl,Quarless,bquarlessm3@jiathis.com,Male,58.235.85.243
1897,Sofia,Paxeford,spaxefordm4@cloudflare.com,Female,98.160.109.210
1898,Aron,Bull,abullm5@disqus.com,Male,187.101.169.16
1899,Cecile,Lohering,cloheringm6@qq.com,Female,159.137.206.234
1900,Timmy,Moorfield,tmoorfieldm7@si.edu,Male,113.97.234.87
1901,Carlita,Clackson,cclacksonm8@tripod.com,Female,185.42.106.47
1902,Billye,Davson,bdavsonm9@eepurl.com,Female,207.221.48.113
1903,Zitella,McCuthais,zmccuthaisma@ifeng.com,Genderfluid,181.61.49.190
1904,Riki,Syversen,rsyversenmb@nsw.gov.au,Female,69.125.14.96
1905,Sydney,Meddows,smeddowsmc@deliciousdays.com,Female,118.92.236.159
1906,Kim,Elizabeth,kelizabethmd@theguardian.com,Male,126.135.151.206
1907,Hillard,Broske,hbroskeme@technorati.com,Male,210.249.222.154
1908,Hebert,De Banke,hdebankemf@wiley.com,Male,193.33.17.108
1909,Brina,Nund,bnundmg@uol.com.br,Female,134.3.94.107
1910,Brit,Ferrero,bferreromh@pcworld.com,Male,213.42.202.70
1911,Jackelyn,O' Loughran,joloughranmi@slideshare.net,Female,216.239.94.114
1912,Melisse,Spreadbury,mspreadburymj@storify.com,Genderfluid,253.198.108.77
1913,Stacee,Korneluk,skornelukmk@arstechnica.com,Male,150.44.182.119
1914,Lin,Buchanan,lbuchananml@scientificamerican.com,Female,125.178.101.124
1915,Alejandrina,Layzell,alayzellmm@globo.com,Female,82.220.14.13
1916,Rockie,Cheney,rcheneymn@goo.gl,Bigender,159.221.209.60
1917,Ted,Dunford,tdunfordmo@freewebs.com,Female,118.174.5.134
1918,Andres,Azema,aazemamp@reuters.com,Male,126.209.80.169
1919,Laurette,Chetham,lchethammq@printfriendly.com,Female,167.6.101.222
1920,Tobiah,Skin,tskinmr@berkeley.edu,Male,161.107.104.58
1921,Vivianna,Utting,vuttingms@sakura.ne.jp,Female,174.78.28.28
1922,Celle,Stibbs,cstibbsmt@free.fr,Female,189.196.72.54
1923,Tomaso,Beven,tbevenmu@webs.com,Male,243.218.54.108
1924,Falkner,Gyrgorcewicx,fgyrgorcewicxmv@ed.gov,Male,147.64.14.56
1925,Jessalyn,Faunt,jfauntmw@techcrunch.com,Female,60.159.106.232
1926,Ely,Benley,ebenleymx@comcast.net,Male,114.208.176.188
1927,Lorena,Surgison,lsurgisonmy@example.com,Female,24.107.101.13
1928,Almeria,Headley,aheadleymz@tripadvisor.com,Female,6.38.172.1
1929,Torr,Sorensen,tsorensenn0@ucoz.com,Male,144.103.13.234
1930,Carree,Archdeckne,carchdecknen1@hp.com,Bigender,180.53.160.146
1931,Frederich,Jeandet,fjeandetn2@vk.com,Male,250.158.139.191
1932,Lina,McCrackan,lmccrackann3@archive.org,Female,75.161.68.220
1933,Nicol,Child,nchildn4@sun.com,Genderfluid,208.79.0.32
1934,Alvinia,Mewes,amewesn5@epa.gov,Female,155.231.57.188
1935,Thorn,Cartmale,tcartmalen6@mediafire.com,Genderfluid,1.102.91.193
1936,Hillier,Doding,hdodingn7@kickstarter.com,Male,74.245.124.209
1937,Joycelin,Cattel,jcatteln8@cisco.com,Female,175.216.161.20
1938,Melanie,Stanlack,mstanlackn9@odnoklassniki.ru,Female,23.119.3.85
1939,Sandi,Hrinchishin,shrinchishinna@theglobeandmail.com,Female,105.240.35.244
1940,Robbert,Glewe,rglewenb@admin.ch,Male,152.150.123.15
1941,Kendal,Labbez,klabbeznc@a8.net,Male,13.22.17.15
1942,Sally,Croucher,scrouchernd@redcross.org,Female,245.28.69.205
1943,Drusie,Hopfner,dhopfnerne@people.com.cn,Female,36.34.101.140
1944,Antonin,Leile,aleilenf@i2i.jp,Male,74.244.166.177
1945,Fredrick,Reckhouse,freckhouseng@prnewswire.com,Agender,182.237.124.216
1946,Dreddy,Clever,dclevernh@hhs.gov,Female,78.17.2.156
1947,Calhoun,Hamlyn,chamlynni@vistaprint.com,Male,236.142.189.202
1948,Monte,Goodrum,mgoodrumnj@deliciousdays.com,Male,227.186.76.31
1949,Ryon,Skym,rskymnk@google.de,Male,161.189.34.58
1950,Mendie,Childers,mchildersnl@slashdot.org,Male,75.123.253.118
1951,Niall,Qusklay,nqusklaynm@samsung.com,Male,23.68.167.148
1952,Aluin,Boldt,aboldtnn@msu.edu,Genderqueer,166.55.155.78
1953,Gerardo,Garrad,ggarradno@blinklist.com,Male,237.60.32.93
1954,Tod,Dunstall,tdunstallnp@sphinn.com,Male,92.192.227.9
1955,Bat,Angelo,bangelonq@hc360.com,Male,44.18.174.186
1956,Jessalin,O'Hickee,johickeenr@google.it,Female,54.168.99.101
1957,Wynny,Island,wislandns@deviantart.com,Genderfluid,39.172.113.137
1958,Billie,Elleton,belletonnt@toplist.cz,Female,60.98.102.54
1959,Lindon,Stoddart,lstoddartnu@ycombinator.com,Male,90.21.47.45
1960,Kathlin,Corbert,kcorbertnv@wisc.edu,Female,88.29.202.30
1961,Rice,Kubanek,rkubaneknw@yandex.ru,Male,129.123.242.177
1962,Anastasia,Walklett,awalklettnx@webs.com,Female,113.47.201.17
1963,Tate,Flaubert,tflaubertny@ox.ac.uk,Female,211.159.215.190
1964,Nada,Tooth,ntoothnz@facebook.com,Female,245.36.240.1
1965,Orion,Gadman,ogadmano0@twitter.com,Male,226.67.56.232
1966,Jeffy,Wintour,jwintouro1@oakley.com,Male,7.183.143.113
1967,Denise,Swabey,dswabeyo2@e-recht24.de,Female,156.181.108.238
1968,Owen,Lessmare,olessmareo3@tripod.com,Male,183.243.86.23
1969,Hobey,Warfield,hwarfieldo4@wikimedia.org,Male,112.149.10.154
1970,Lenore,Doret,ldoreto5@cpanel.net,Female,179.141.20.31
1971,Yvonne,Gitsham,ygitshamo6@samsung.com,Female,197.11.152.138
1972,Thaddeus,Ferrea,tferreao7@wikispaces.com,Male,102.173.59.36
1973,Hermann,Lebang,hlebango8@123-reg.co.uk,Male,203.198.75.240
1974,Malinde,Waylett,mwayletto9@amazon.de,Female,33.61.214.68
1975,Pen,Chilver,pchilveroa@unblog.fr,Male,215.158.169.143
1976,Waly,Maleby,wmalebyob@mashable.com,Female,122.224.74.63
1977,Dorette,Aldham,daldhamoc@behance.net,Female,101.13.111.181
1978,Esra,Taffrey,etaffreyod@nasa.gov,Male,186.252.89.158
1979,Waldo,Brydon,wbrydonoe@google.es,Male,95.133.223.6
1980,Feliza,Grenville,fgrenvilleof@feedburner.com,Female,132.46.244.25
1981,Jeanine,Kix,jkixog@fc2.com,Female,204.182.200.177
1982,Ingemar,Semon,isemonoh@artisteer.com,Male,76.141.105.194
1983,Hazel,Ballendine,hballendineoi@rambler.ru,Female,174.208.240.81
1984,Anabelle,Allden,aalldenoj@mozilla.com,Female,245.57.254.240
1985,Tremaine,Dyet,tdyetok@scientificamerican.com,Male,52.194.7.223
1986,Deck,Tuft,dtuftol@wiley.com,Male,61.48.16.54
1987,Everett,Bester,ebesterom@usgs.gov,Male,193.136.50.139
1988,Patty,MacCallum,pmaccallumon@etsy.com,Female,146.132.120.176
1989,Gideon,Thirtle,gthirtleoo@jimdo.com,Male,58.162.191.102
1990,Ali,Deveril,adeverilop@seattletimes.com,Female,182.172.160.66
1991,Vivia,Panner,vpanneroq@xinhuanet.com,Genderqueer,226.211.34.227
1992,Jamison,Hanlon,jhanlonor@twitter.com,Male,43.248.237.182
1993,Casi,Cradduck,ccradduckos@ycombinator.com,Female,27.230.218.102
1994,Karyn,Swyer-Sexey,kswyersexeyot@e-recht24.de,Female,176.146.70.83
1995,Linnie,Kubik,lkubikou@canalblog.com,Female,227.11.105.134
1996,Siusan,Benmore,sbenmoreov@opensource.org,Non-binary,186.104.0.115
1997,Alic,Grunwald,agrunwaldow@163.com,Male,138.93.247.171
1998,Caro,Truesdale,ctruesdaleox@ucsd.edu,Female,240.94.47.88
1999,Jeniece,McKeachie,jmckeachieoy@google.ru,Female,82.217.221.178
2000,Viv,Mariolle,vmariolleoz@vistaprint.com,Female,85.1.152.226
2001,Von,Berthel,vberthelp0@hp.com,Male,80.135.99.57
2002,Agneta,Sambath,asambathp1@stanford.edu,Female,150.108.254.49
2003,Bronny,Tanton,btantonp2@discuz.net,Male,32.102.175.22
2004,Tallie,Padrick,tpadrickp3@deviantart.com,Female,2.166.93.100
2005,Jake,Coviello,jcoviellop4@stanford.edu,Male,99.44.103.228
2006,Orran,Aulds,oauldsp5@symantec.com,Male,196.28.210.92
2007,Noellyn,Santon,nsantonp6@stanford.edu,Female,198.34.226.163
2008,Leicester,Dulling,ldullingp7@mit.edu,Male,124.204.3.56
2009,Sunny,Puttrell,sputtrellp8@si.edu,Agender,251.64.158.216
2010,Denny,Aireton,dairetonp9@devhub.com,Male,67.61.178.3
2011,Lyman,Cuell,lcuellpa@sphinn.com,Male,235.121.91.154
2012,Wynnie,Mains,wmainspb@narod.ru,Female,62.227.200.16
2013,Fayre,Quincey,fquinceypc@nps.gov,Female,208.238.17.76
2014,Janifer,Valasek,jvalasekpd@noaa.gov,Female,66.39.213.226
2015,Chaim,Saladin,csaladinpe@soundcloud.com,Male,214.123.239.233
2016,Sonia,Durtnal,sdurtnalpf@hp.com,Female,16.121.252.3
2017,Suzanna,Ellit,sellitpg@arstechnica.com,Female,2.157.24.141
2018,Morgana,Fairholme,mfairholmeph@slideshare.net,Female,230.131.243.196
2019,Bethanne,Birkmyre,bbirkmyrepi@liveinternet.ru,Female,49.86.131.164
2020,Katrina,De Carlo,kdecarlopj@ow.ly,Agender,159.242.33.85
2021,Levey,Falkner,lfalknerpk@mayoclinic.com,Male,135.117.113.85
2022,Ursula,Langmuir,ulangmuirpl@mlb.com,Female,47.194.75.205
2023,Carlyn,Moar,cmoarpm@cloudflare.com,Female,56.243.25.236
2024,Gabrielle,Caveau,gcaveaupn@washingtonpost.com,Female,172.195.223.158
2025,Reinhold,Attenbarrow,rattenbarrowpo@berkeley.edu,Male,15.227.97.184
2026,Willie,Altimas,waltimaspp@eventbrite.com,Polygender,227.33.30.117
2027,Kathryn,Shurmore,kshurmorepq@amazon.de,Female,233.90.129.63
2028,Berkeley,MacKnockiter,bmacknockiterpr@unblog.fr,Male,43.219.134.103
2029,Vail,Denman,vdenmanps@state.gov,Male,178.236.240.155
2030,Abba,Truss,atrusspt@rediff.com,Male,59.83.180.33
2031,Elonore,Albertson,ealbertsonpu@wufoo.com,Female,254.248.70.179
2032,Florenza,Mackriell,fmackriellpv@edublogs.org,Female,101.195.5.103
2033,Sharla,Perago,speragopw@nsw.gov.au,Female,237.40.36.166
2034,Lorilee,Novill,lnovillpx@upenn.edu,Female,113.156.244.161
2035,Romola,Gavrielli,rgavriellipy@answers.com,Female,159.171.172.28
2036,Rutger,Sturdy,rsturdypz@liveinternet.ru,Male,202.44.142.86
2037,Urbain,McCreath,umccreathq0@webs.com,Male,47.118.130.136
2038,Lothario,Yarn,lyarnq1@google.fr,Male,102.163.221.69
2039,Rozamond,Apedaile,rapedaileq2@ask.com,Female,147.226.132.162
2040,Dawna,Orhrt,dorhrtq3@zimbio.com,Female,187.176.34.68
2041,Riva,Breeder,rbreederq4@prlog.org,Female,127.208.172.242
2042,Jerrie,Pettwood,jpettwoodq5@msn.com,Female,91.109.204.196
2043,Blythe,Maffei,bmaffeiq6@aol.com,Female,41.48.212.185
2044,Fredelia,Rickis,frickisq7@linkedin.com,Female,109.155.39.71
2045,Jake,McCarrick,jmccarrickq8@sogou.com,Male,140.43.78.147
2046,Adele,Kares,akaresq9@delicious.com,Female,59.162.245.47
2047,Pippa,Smeeth,psmeethqa@addthis.com,Female,162.23.35.93
2048,Beverlie,Hullyer,bhullyerqb@nyu.edu,Bigender,41.58.34.131
2049,Marilin,Leason,mleasonqc@bing.com,Female,69.255.166.112
2050,Patrice,Cohen,pcohenqd@noaa.gov,Male,219.35.88.244
2051,Berkeley,O'Hingerty,bohingertyqe@umn.edu,Male,250.142.142.135
2052,Zsa zsa,Thewles,zthewlesqf@cocolog-nifty.com,Female,81.60.227.119
2053,Florie,Sunman,fsunmanqg@quantcast.com,Female,31.142.149.82
2054,Lonee,Churn,lchurnqh@harvard.edu,Female,116.52.225.106
2055,Atlante,Braun,abraunqi@goo.gl,Female,69.239.99.21
2056,Anna,Swinden,aswindenqj@blogspot.com,Agender,66.14.162.135
2057,Alastair,See,aseeqk@amazonaws.com,Agender,201.191.0.73
2058,Alanah,Frid,afridql@timesonline.co.uk,Female,123.124.54.112
2059,Byran,Fussen,bfussenqm@sfgate.com,Male,145.218.17.78
2060,Prince,St Angel,pstangelqn@loc.gov,Male,224.17.38.151
2061,Newton,Abson,nabsonqo@opera.com,Male,28.37.143.29
2062,Maia,Pillington,mpillingtonqp@va.gov,Female,113.236.115.48
2063,Brendis,Clougher,bclougherqq@smh.com.au,Male,179.251.48.50
2064,Ferris,Tunstall,ftunstallqr@soup.io,Male,70.4.199.210
2065,Genvieve,Barnett,gbarnettqs@hugedomains.com,Female,250.9.9.65
2066,Karlotte,Diess,kdiessqt@businessinsider.com,Female,166.243.209.172
2067,Lynne,Borrott,lborrottqu@xinhuanet.com,Female,142.85.94.159
2068,Margery,Fouracre,mfouracreqv@smh.com.au,Female,19.57.1.69
2069,Alejandra,Brosch,abroschqw@t-online.de,Female,81.211.24.153
2070,Rhianna,Worsam,rworsamqx@vimeo.com,Female,212.8.244.123
2071,Gannie,Accum,gaccumqy@nps.gov,Male,139.177.204.213
2072,Dalila,Milier,dmilierqz@comsenz.com,Female,67.222.106.19
2073,Levy,Feakins,lfeakinsr0@tinypic.com,Male,9.25.132.39
2074,Max,Gerhardt,mgerhardtr1@who.int,Male,230.182.180.105
2075,Fonsie,Cavendish,fcavendishr2@php.net,Male,235.212.252.113
2076,Clifford,Greep,cgreepr3@dailymail.co.uk,Male,82.121.124.144
2077,Skippy,Dunstall,sdunstallr4@cdc.gov,Non-binary,236.134.98.88
2078,Denny,Potzold,dpotzoldr5@paginegialle.it,Genderqueer,173.30.133.2
2079,Kaine,Hoy,khoyr6@hexun.com,Male,246.86.218.12
2080,Ardeen,O'Currane,aocurraner7@booking.com,Female,119.23.217.44
2081,Rois,Akid,rakidr8@nasa.gov,Female,197.62.143.175
2082,Marlowe,Dollar,mdollarr9@ted.com,Male,158.116.210.81
2083,Sibilla,Wiburn,swiburnra@php.net,Female,120.190.87.118
2084,Teddie,Ettritch,tettritchrb@stanford.edu,Female,122.88.141.170
2085,Gabriele,Costell,gcostellrc@theguardian.com,Male,199.195.35.241
2086,Felicle,Luxford,fluxfordrd@hexun.com,Female,128.118.10.148
2087,Lewes,Weatherhill,lweatherhillre@amazon.co.uk,Male,250.212.69.253
2088,Dorelle,Ollerton,dollertonrf@dion.ne.jp,Female,165.215.21.62
2089,Guthrey,Woodson,gwoodsonrg@shop-pro.jp,Male,254.248.196.86
2090,Gallagher,Acome,gacomerh@bluehost.com,Male,225.163.186.235
2091,Goldi,Denney,gdenneyri@amazon.de,Female,177.77.89.106
2092,Cacilie,Pawlowicz,cpawlowiczrj@wordpress.com,Female,147.30.147.132
2093,Gaylor,Picardo,gpicardork@imageshack.us,Male,252.252.101.91
2094,Stacee,Flute,sfluterl@buzzfeed.com,Male,25.51.43.245
2095,Omero,Aneley,oaneleyrm@auda.org.au,Male,228.198.128.176
2096,Tandy,Buffy,tbuffyrn@sina.com.cn,Female,97.171.64.210
2097,Oralee,Spottiswoode,ospottiswoodero@wordpress.com,Female,16.19.10.100
2098,Jerome,Kubala,jkubalarp@answers.com,Polygender,80.23.252.64
2099,Dwain,Bursnall,dbursnallrq@google.fr,Male,247.89.8.179
2100,Carlina,Lawn,clawnrr@virginia.edu,Female,170.43.102.144
