id,first_name,last_name,email,gender,ip_address
1,Dagmar,Keers,dkeers0@exblog.jp,Female,1.244.29.40
2,Mord,Toleman,mtoleman1@scribd.com,Male,115.144.4.230
3,Gregoor,Nann,gnann2@smh.com.au,Male,125.236.177.46
4,Bruis,Hatwell,bhatwell3@parallels.com,Male,209.216.230.110
5,Lucas,Neward,lneward4@miibeian.gov.cn,Male,139.179.157.138
6,Rowan,Farrier,rfarrier5@ifeng.com,Male,23.146.34.107
7,Kylila,Grodden,kgrodden6@skyrock.com,Female,75.62.67.72
8,Christoph,Everal,ceveral7@foxnews.com,Male,167.122.98.59
9,Lee,Halmkin,lhalmkin8@bloglovin.com,Female,43.201.186.133
10,Lorilee,Stroobant,lstroobant9@spotify.com,Female,220.72.252.85
11,Kahaleel,Durdy,kdurdya@scribd.com,Male,88.244.131.231
12,Gustavo,Parish,gparishb@washington.edu,Male,236.23.161.84
13,Drusilla,Morison,dmorisonc@dion.ne.jp,Female,248.49.202.43
14,Samson,Luscombe,sluscombed@hp.com,Male,211.159.70.140
15,Phillida,Stockall,pstockalle@ask.com,Female,254.82.8.118
16,Oberon,Harlow,oharlowf@ucla.edu,Male,7.191.91.181
17,Gunter,Jakuszewski,gjakuszewskig@dailymotion.com,Male,199.117.117.160
18,Glad,Cargen,gcargenh@sun.com,Female,44.107.180.106
19,Puff,Downer,pdowneri@upenn.edu,Male,141.202.76.129
20,Quint,Lampard,qlampardj@digg.com,Male,18.168.193.85
21,Benoite,Ayris,bayrisk@digg.com,Female,29.248.203.47
22,Mortimer,Doak,mdoakl@vkontakte.ru,Male,52.142.128.209
23,Antin,Wase,awasem@hud.gov,Male,0.81.71.206
24,Sherie,Arbuckel,sarbuckeln@dyndns.org,Female,129.131.102.97
25,Bryn,Danielovitch,bdanielovitcho@geocities.jp,Male,203.106.231.185
26,Whit,Franceschino,wfranceschinop@edublogs.org,Male,139.172.189.93
27,Penn,Yitzhakof,pyitzhakofq@boston.com,Male,169.140.224.158
28,Helenelizabeth,Ply,hplyr@smugmug.com,Female,205.59.54.130
29,Irving,Coke,icokes@t-online.de,Male,167.57.74.16
30,Kaleena,Bedminster,kbedminstert@dyndns.org,Female,153.243.42.120
31,Merline,Storry,mstorryu@sciencedaily.com,Female,184.8.75.209
32,Eachelle,Matousek,ematousekv@indiegogo.com,Female,155.34.115.3
33,Lacie,Wildish,lwildishw@mashable.com,Female,133.161.37.27
34,Ralph,Keston,rkestonx@bluehost.com,Male,161.235.213.240
35,Beilul,Ullrich,bullrichy@behance.net,Female,178.232.219.218
36,Shandy,Iacoviello,siacovielloz@xing.com,Female,244.6.127.22
37,Merill,Sharpless,msharpless10@kickstarter.com,Male,191.213.116.104
38,Currey,Jesty,cjesty11@w3.org,Male,238.54.172.39
39,Charis,Vida,cvida12@mlb.com,Female,2.127.198.219
40,Eran,Rhodes,erhodes13@chron.com,Female,161.127.186.250
41,Lionel,Van Halle,lvanhalle14@dagondesign.com,Male,131.225.161.77
42,Archambault,Thornborrow,athornborrow15@nydailynews.com,Polygender,195.206.160.228
43,Fritz,Hurt,fhurt16@thetimes.co.uk,Male,210.108.125.44
44,Felicdad,Siveter,fsiveter17@booking.com,Female,69.24.116.100
45,Doralynn,Cargon,dcargon18@4shared.com,Female,145.87.56.88
46,Merola,Meech,mmeech19@privacy.gov.au,Female,215.122.191.159
47,Bethanne,Cowpe,bcowpe1a@bizjournals.com,Female,52.118.74.134
48,Marylin,Dimock,mdimock1b@mit.edu,Genderqueer,168.96.165.136
49,Janith,Tesdale,jtesdale1c@fc2.com,Female,145.75.152.60
50,Antonie,Torrese,atorrese1d@google.com.au,Polygender,150.250.37.218
51,Brant,Lang,blang1e@home.pl,Genderfluid,55.211.0.53
52,Rosanna,Bringloe,rbringloe1f@163.com,Agender,30.197.205.144
53,Carmelita,Grotty,cgrotty1g@miibeian.gov.cn,Female,239.191.225.146
54,Vidovic,Keay,vkeay1h@alexa.com,Male,35.197.27.231
55,Letty,Mulvy,lmulvy1i@is.gd,Female,81.83.129.215
56,Sauncho,Terren,sterren1j@gravatar.com,Agender,18.18.178.101
57,Rupert,Fassbindler,rfassbindler1k@nasa.gov,Male,71.41.45.128
58,Nicolea,Tichner,ntichner1l@g.co,Female,213.168.129.198
59,Pryce,Culpen,pculpen1m@howstuffworks.com,Male,252.13.191.181
60,Powell,Giannotti,pgiannotti1n@ameblo.jp,Male,224.190.146.183
61,Hobey,Kinkade,hkinkade1o@usgs.gov,Male,182.71.131.206
62,Richard,Kluss,rkluss1p@1688.com,Male,255.185.3.92
63,Eryn,Stummeyer,estummeyer1q@sfgate.com,Female,155.131.52.223
64,Redford,Sibley,rsibley1r@geocities.jp,Polygender,157.226.13.11
65,Dav,Mallock,dmallock1s@cpanel.net,Male,168.165.253.175
66,Juanita,Goroni,jgoroni1t@devhub.com,Female,176.193.37.120
67,Minor,Pow,mpow1u@pcworld.com,Male,222.176.200.52
68,Roseann,Adrien,radrien1v@telegraph.co.uk,Female,244.234.184.183
69,Dolorita,Garken,dgarken1w@engadget.com,Female,232.91.52.62
70,Hephzibah,MacKonochie,hmackonochie1x@springer.com,Female,210.26.239.196
71,Merrie,Milborn,mmilborn1y@infoseek.co.jp,Genderqueer,12.255.247.3
72,Raddy,Wurst,rwurst1z@whitehouse.gov,Non-binary,13.230.93.106
73,Aldrich,Ettery,aettery20@wiley.com,Male,56.98.49.163
74,Bobbie,Colecrough,bcolecrough21@columbia.edu,Female,148.113.227.24
75,Saw,Frank,sfrank22@dot.gov,Male,112.107.119.83
76,Nanete,Budgen,nbudgen23@shop-pro.jp,Female,97.40.82.35
77,Doria,Lowrey,dlowrey24@cdbaby.com,Female,175.184.107.69
78,Yolande,Lindl,ylindl25@pen.io,Female,247.135.121.120
79,Shelly,Draisey,sdraisey26@narod.ru,Female,221.90.8.23
80,Timotheus,Ridgedell,tridgedell27@hud.gov,Male,201.217.54.162
81,Wynny,Zorzutti,wzorzutti28@free.fr,Female,179.56.153.157
82,Kare,Rickard,krickard29@macromedia.com,Female,143.47.33.230
83,Rubetta,Tertre,rtertre2a@gravatar.com,Female,181.227.40.189
84,Marian,Hackleton,mhackleton2b@hostgator.com,Female,140.228.210.133
85,Pascal,MacKey,pmackey2c@technorati.com,Male,200.33.171.87
86,Richy,Gass,rgass2d@histats.com,Male,212.29.60.68
87,Zerk,Clash,zclash2e@furl.net,Male,190.67.19.219
88,Debbi,Goldsbury,dgoldsbury2f@blogtalkradio.com,Female,161.96.35.204
89,Kaja,MacNeilley,kmacneilley2g@sbwire.com,Bigender,174.27.111.36
90,Margot,Sproul,msproul2h@sogou.com,Genderqueer,78.98.166.2
91,Giulia,Lacasa,glacasa2i@imdb.com,Bigender,176.235.243.206
92,Davie,Pendergast,dpendergast2j@bbb.org,Male,173.87.69.52
93,Lelia,Tickle,ltickle2k@theglobeandmail.com,Genderfluid,241.128.216.15
94,Stuart,McGirr,smcgirr2l@bigcartel.com,Male,166.138.91.19
95,Milly,Trobridge,mtrobridge2m@ibm.com,Female,1.107.73.133
96,Humbert,De Paepe,hdepaepe2n@quantcast.com,Male,125.252.245.230
97,Corabel,Markwelley,cmarkwelley2o@washington.edu,Female,117.240.237.226
98,Marsiella,Phuprate,mphuprate2p@noaa.gov,Female,175.28.225.207
99,Roger,Attwood,rattwood2q@stanford.edu,Male,94.3.4.193
100,Norbert,Brigshaw,nbrigshaw2r@senate.gov,Male,4.109.93.244
