id,first_name,last_name,email,gender,ip_address
101,Roxana,Francke,rfrancke0@webmd.com,Female,54.252.79.91
102,Standford,Lauritzen,slauritzen1@wikipedia.org,Non-binary,104.35.189.15
103,Delphinia,Worsfold,dworsfold2@wikispaces.com,Female,81.199.149.98
104,Dunstan,Biles,dbiles3@bravesites.com,Male,164.181.185.207
105,Clemente,Kaasmann,ckaasmann4@goo.ne.jp,Male,100.215.44.32
106,Patricio,Barttrum,pbarttrum5@jalbum.net,Male,200.205.74.82
107,Lennard,Londesborough,llondesborough6@upenn.edu,Male,12.40.81.4
108,Benn,Degoy,bdegoy7@blogger.com,Male,52.212.201.13
109,Baron,Donaway,bdonaway8@indiegogo.com,Male,112.225.18.117
110,Ingrim,D'Abbot-Doyle,idabbotdoyle9@arizona.edu,Male,145.236.169.218
111,Guy,Friedenbach,gfriedenbacha@wikia.com,Non-binary,251.128.45.183
112,Cherilyn,Hadingham,chadinghamb@uol.com.br,Female,102.237.173.140
113,Quinlan,Doni,qdonic@intel.com,Male,112.165.74.52
114,Edmund,Messruther,emessrutherd@marriott.com,Male,164.111.158.90
115,Veronica,Pettingall,vpettingalle@usatoday.com,Agender,141.11.170.91
116,Ignazio,Wilcock,iwilcockf@engadget.com,Male,193.102.187.19
117,Ravi,McCuis,rmccuisg@facebook.com,Male,6.119.139.161
118,Albertina,Yukhnini,ayukhninih@infoseek.co.jp,Female,240.242.38.45
119,Dolly,Watford,dwatfordi@google.ca,Female,125.202.210.136
120,Wang,Gilburt,wgilburtj@ask.com,Male,230.194.142.181
121,Benedetta,Gauvain,bgauvaink@soundcloud.com,Female,105.194.250.109
122,Kelli,Fishenden,kfishendenl@paypal.com,Female,20.137.89.221
123,Welbie,Dorset,wdorsetm@ox.ac.uk,Male,146.35.31.95
124,Meggie,Peaddie,mpeaddien@seesaa.net,Female,127.120.120.200
125,Merwyn,Mart,mmarto@freewebs.com,Male,172.116.134.51
126,Calhoun,Bairnsfather,cbairnsfatherp@techcrunch.com,Male,195.186.28.21
127,Armando,Dupre,adupreq@hhs.gov,Male,224.90.82.213
128,Kayla,Breckin,kbreckinr@freewebs.com,Female,28.190.116.34
129,Phebe,Kidby,pkidbys@yellowbook.com,Female,164.202.110.191
130,Bonnie,St. Quentin,bstquentint@mozilla.org,Female,107.34.249.237
131,Kliment,Smallwood,ksmallwoodu@dell.com,Male,181.190.213.203
132,Nero,Shrimptone,nshrimptonev@msn.com,Male,122.61.155.150
133,King,Buyers,kbuyersw@cdc.gov,Male,225.1.205.45
134,Rora,Slyford,rslyfordx@loc.gov,Female,75.211.173.115
135,Larina,Acory,lacoryy@sfgate.com,Female,201.119.230.37
136,Roselle,Laurisch,rlaurischz@house.gov,Female,59.21.172.158
137,Carney,Scottini,cscottini10@tmall.com,Male,153.132.23.102
138,Fernandina,Biggar,fbiggar11@ycombinator.com,Female,144.224.190.236
139,Alair,Jordine,ajordine12@xinhuanet.com,Male,102.129.62.94
140,Ermanno,Coltan,ecoltan13@seesaa.net,Male,154.238.182.62
141,Kelsy,Balling,kballing14@csmonitor.com,Female,48.248.31.116
142,Fleurette,Esser,fesser15@constantcontact.com,Female,36.41.13.126
143,Robinet,Hanes,rhanes16@mediafire.com,Male,78.206.126.210
144,Nathalie,Grimsell,ngrimsell17@marriott.com,Female,250.98.29.30
145,Gilberta,Dugan,gdugan18@1und1.de,Female,65.162.252.167
146,Joannes,Ingrey,jingrey19@oracle.com,Female,234.57.205.87
147,Tannie,Moberley,tmoberley1a@ovh.net,Male,166.65.99.140
148,Moll,Scolding,mscolding1b@discuz.net,Female,177.61.43.211
149,Noby,Talby,ntalby1c@discuz.net,Male,64.107.42.30
150,Marion,Handover,mhandover1d@elegantthemes.com,Bigender,149.46.113.175
151,Yolanthe,Lansberry,ylansberry1e@imgur.com,Female,153.109.26.74
152,Jeralee,Bruggeman,jbruggeman1f@dailymotion.com,Female,47.163.55.108
153,Bernardine,Hammerton,bhammerton1g@tamu.edu,Female,26.189.24.129
154,Fay,Sabie,fsabie1h@ed.gov,Female,189.122.134.229
155,Betteann,Boldry,bboldry1i@dmoz.org,Female,177.176.20.168
156,Jason,Naughton,jnaughton1j@csmonitor.com,Male,92.213.148.114
157,Lou,Ruben,lruben1k@g.co,Male,126.64.204.215
158,Tilly,Helsdon,thelsdon1l@exblog.jp,Female,95.98.35.28
159,Quinton,Mellem,qmellem1m@timesonline.co.uk,Male,194.109.243.79
160,Nerti,Hallahan,nhallahan1n@wired.com,Female,5.200.186.147
161,Astrid,Pollicott,apollicott1o@blog.com,Female,232.39.136.230
162,Myrle,Murdy,mmurdy1p@joomla.org,Agender,7.116.65.55
163,Prentiss,Vine,pvine1q@blogspot.com,Male,57.60.87.54
164,Korney,Boow,kboow1r@buzzfeed.com,Agender,250.23.97.105
165,Adrea,Forbes,aforbes1s@yolasite.com,Female,59.68.41.20
166,Alva,Huckster,ahuckster1t@google.com.au,Male,146.27.117.171
167,Tomi,Lesser,tlesser1u@paginegialle.it,Female,179.156.129.182
168,Carl,Tomasello,ctomasello1v@cmu.edu,Male,182.75.101.203
169,Dimitry,O'Henehan,dohenehan1w@sciencedaily.com,Male,81.157.255.113
170,Natal,Kirtlan,nkirtlan1x@nydailynews.com,Male,6.97.78.240
171,Svend,D'Ugo,sdugo1y@youku.com,Male,231.164.221.113
172,Cori,Goodlake,cgoodlake1z@privacy.gov.au,Male,136.233.186.22
173,Douglas,Ollarenshaw,dollarenshaw20@php.net,Male,69.147.162.219
174,Wendeline,Paoletti,wpaoletti21@marriott.com,Female,25.250.144.212
175,Raffaello,Schorah,rschorah22@51.la,Male,4.210.244.153
176,Zak,Fotheringham,zfotheringham23@cloudflare.com,Male,107.168.201.61
177,Zacharie,Lakeland,zlakeland24@instagram.com,Male,6.94.154.245
178,Jerad,Insoll,jinsoll25@uol.com.br,Male,118.171.225.54
179,Willi,Feander,wfeander26@devhub.com,Female,132.236.201.199
180,Owen,Sivorn,osivorn27@hhs.gov,Male,98.198.239.89
181,Bart,Shellsheere,bshellsheere28@facebook.com,Male,88.157.176.251
182,Sidney,Govey,sgovey29@pagesperso-orange.fr,Male,151.200.251.248
183,Esme,Thying,ethying2a@networkadvertising.org,Female,67.14.121.95
184,Gearalt,Whalebelly,gwhalebelly2b@webnode.com,Male,55.111.185.34
185,Freeland,Wettern,fwettern2c@reference.com,Male,220.215.82.198
186,Jewell,Andrini,jandrini2d@admin.ch,Female,13.76.102.253
187,Harbert,Nottram,hnottram2e@mac.com,Male,179.208.83.132
188,Britta,Rippon,brippon2f@slate.com,Female,171.172.223.204
189,Mic,Ingles,mingles2g@chronoengine.com,Male,188.73.189.15
190,Almeda,Scolland,ascolland2h@elegantthemes.com,Female,15.175.173.27
191,Oliviero,Keyme,okeyme2i@weather.com,Male,51.109.74.115
192,Hannah,Paulo,hpaulo2j@csmonitor.com,Female,73.198.50.18
193,Emlen,Carus,ecarus2k@answers.com,Male,207.251.215.201
194,Jerry,Adamou,jadamou2l@google.com,Male,37.111.204.160
195,Marti,O'Mailey,momailey2m@google.com,Female,64.179.147.164
196,Davidde,Wippermann,dwippermann2n@wsj.com,Male,10.232.1.39
197,Hugh,Hillatt,hhillatt2o@patch.com,Male,246.9.122.172
198,Sandye,Oubridge,soubridge2p@msu.edu,Female,2.101.234.114
199,Ethelda,Wheway,ewheway2q@thetimes.co.uk,Female,59.242.100.141
200,Benedict,Buntine,bbuntine2r@free.fr,Male,254.122.176.198
201,Dawn,Bener,dbener2s@com.com,Female,78.12.198.12
202,Harold,Ruperti,hruperti2t@blogtalkradio.com,Male,247.249.26.202
203,Tatiania,Tibbles,ttibbles2u@spotify.com,Female,64.44.46.25
204,Filberte,Stanmore,fstanmore2v@prnewswire.com,Male,168.16.175.218
205,Tedra,Sole,tsole2w@mac.com,Female,31.169.162.128
206,Hillie,Kantor,hkantor2x@prweb.com,Male,15.205.95.176
207,Flossy,Venour,fvenour2y@businesswire.com,Female,14.236.27.220
208,Mayne,Liebmann,mliebmann2z@apple.com,Male,138.79.240.45
209,Jackelyn,Ledgley,jledgley30@123-reg.co.uk,Female,107.7.158.180
210,Antonio,Nardoni,anardoni31@sciencedirect.com,Male,220.5.108.240
211,Jorge,Bartoletti,jbartoletti32@php.net,Male,117.83.122.155
212,Bealle,Sarre,bsarre33@fema.gov,Non-binary,126.210.185.234
213,Vassily,Foxten,vfoxten34@eepurl.com,Male,36.167.8.70
214,Willette,Brachell,wbrachell35@marketwatch.com,Female,165.5.30.254
215,Ruttger,Jedraszek,rjedraszek36@samsung.com,Male,35.140.170.45
216,Lillis,Cranney,lcranney37@bing.com,Female,66.126.215.119
217,Barret,Hayne,bhayne38@cafepress.com,Agender,20.213.17.90
218,Selby,Gager,sgager39@noaa.gov,Male,218.159.25.95
219,Butch,Hanselman,bhanselman3a@diigo.com,Polygender,50.205.215.105
220,Poul,Hawlgarth,phawlgarth3b@sina.com.cn,Male,154.144.108.182
221,Ruthie,Shadrack,rshadrack3c@amazon.de,Female,251.182.25.187
222,Johnette,Clingan,jclingan3d@printfriendly.com,Female,99.69.107.24
223,Cleopatra,Rawsthorne,crawsthorne3e@t.co,Female,159.175.88.46
224,Ariel,Antonoyev,aantonoyev3f@weibo.com,Male,121.211.60.86
225,Will,Flitcroft,wflitcroft3g@goodreads.com,Male,228.241.241.164
226,Bekki,Elder,belder3h@cdc.gov,Female,178.128.53.153
227,Wilton,Tomblett,wtomblett3i@uol.com.br,Male,36.96.66.184
228,Jan,Klimek,jklimek3j@simplemachines.org,Female,136.224.211.155
229,Marcy,Burrill,mburrill3k@live.com,Female,225.255.206.232
230,Nikolia,Ivatt,nivatt3l@blog.com,Female,202.155.82.231
231,Isaac,Hurdedge,ihurdedge3m@vinaora.com,Male,123.124.249.39
232,Mathias,Jendrach,mjendrach3n@fastcompany.com,Male,174.79.90.179
233,Maridel,Parlett,mparlett3o@google.ca,Female,173.18.50.217
234,Libbi,McFarland,lmcfarland3p@sina.com.cn,Female,236.107.119.119
235,Vanessa,McTrustam,vmctrustam3q@nyu.edu,Female,7.95.60.125
236,Mariam,Ilbert,milbert3r@flavors.me,Female,108.141.48.3
237,Mick,Brosch,mbrosch3s@wunderground.com,Bigender,62.50.231.255
238,Tanhya,Clapham,tclapham3t@behance.net,Female,107.2.106.85
239,Tedi,Ashness,tashness3u@freewebs.com,Female,85.111.10.189
240,Olva,Wederell,owederell3v@salon.com,Female,149.36.8.252
241,Janine,Emloch,jemloch3w@surveymonkey.com,Female,224.158.184.74
242,Garvin,Folbigg,gfolbigg3x@miitbeian.gov.cn,Male,30.5.104.148
243,Tann,Bucknall,tbucknall3y@acquirethisname.com,Male,152.25.181.145
244,Alejandro,Franceschi,afranceschi3z@xing.com,Male,51.12.182.206
245,Karlens,MacKartan,kmackartan40@columbia.edu,Male,94.134.152.209
246,Gayel,Brocklebank,gbrocklebank41@mapquest.com,Female,97.79.90.181
247,Mariette,Rasher,mrasher42@engadget.com,Female,36.145.141.120
248,Lancelot,Eul,leul43@g.co,Male,15.37.169.251
249,Cornall,Ownsworth,cownsworth44@prlog.org,Male,148.130.15.214
250,Nonah,Bartolini,nbartolini45@huffingtonpost.com,Female,68.201.70.209
251,Lind,Chittie,lchittie46@slate.com,Male,96.246.97.123
252,Loella,Pedrielli,lpedrielli47@shutterfly.com,Female,7.26.127.192
253,Kasper,Colpus,kcolpus48@nytimes.com,Agender,124.113.120.130
254,Storm,Janodet,sjanodet49@zimbio.com,Female,152.142.104.180
255,Karen,Realph,krealph4a@naver.com,Female,167.139.14.113
256,Walton,Scoines,wscoines4b@europa.eu,Male,31.124.232.138
257,Carri,Labbati,clabbati4c@discuz.net,Female,197.63.60.255
258,Alexandre,Corkill,acorkill4d@wp.com,Male,4.195.68.153
259,Zebedee,Lardnar,zlardnar4e@sfgate.com,Male,236.84.12.46
260,Kennett,Lampke,klampke4f@bluehost.com,Male,160.252.136.146
261,Anette,Jarrette,ajarrette4g@uiuc.edu,Female,196.18.215.197
262,Harland,Barttrum,hbarttrum4h@myspace.com,Male,49.122.40.163
263,Marylou,Kemell,mkemell4i@dyndns.org,Female,211.194.220.218
264,Kasey,Sunley,ksunley4j@cargocollective.com,Female,35.15.218.86
265,Harriet,Gladdish,hgladdish4k@businessweek.com,Female,255.118.134.145
266,Gunner,Tredget,gtredget4l@creativecommons.org,Male,233.183.85.92
267,Lucie,Braams,lbraams4m@free.fr,Female,79.142.181.210
268,Lindy,Longson,llongson4n@hao123.com,Female,171.73.9.151
269,Wandis,Sells,wsells4o@accuweather.com,Female,57.17.124.165
270,Tynan,Ruddick,truddick4p@artisteer.com,Bigender,97.127.217.121
271,Hally,Boas,hboas4q@japanpost.jp,Female,23.202.45.208
272,Fidela,Pirot,fpirot4r@chronoengine.com,Female,255.231.121.252
273,Row,Fowley,rfowley4s@dropbox.com,Female,65.150.171.120
274,Hortense,Spavon,hspavon4t@msn.com,Female,101.223.210.146
275,Fabiano,Kehoe,fkehoe4u@nasa.gov,Male,61.196.130.14
276,Marguerite,Harner,mharner4v@youtu.be,Female,226.188.66.69
277,Iago,Jobbings,ijobbings4w@house.gov,Male,187.202.82.206
278,Kassandra,Damrell,kdamrell4x@networksolutions.com,Female,78.115.124.228
279,Jamal,Fairest,jfairest4y@psu.edu,Male,84.166.47.73
280,Heddie,Isgar,hisgar4z@friendfeed.com,Female,5.91.229.122
281,Rosita,Manwaring,rmanwaring50@webs.com,Agender,31.167.2.248
282,Sindee,Kemmer,skemmer51@buzzfeed.com,Female,162.245.110.134
283,Kore,Edmondson,kedmondson52@miitbeian.gov.cn,Female,71.13.182.150
284,Roshelle,Giraths,rgiraths53@cargocollective.com,Female,17.179.66.158
285,Christye,McClosh,cmcclosh54@mashable.com,Polygender,87.31.179.98
286,Gearalt,Treske,gtreske55@about.com,Male,190.137.24.126
287,Gloriana,Rozanski,grozanski56@independent.co.uk,Female,246.199.158.25
288,Harley,Lippo,hlippo57@51.la,Male,188.72.148.220
289,Georgeanna,Dayce,gdayce58@umn.edu,Female,140.121.9.203
290,Erl,Hawkswell,ehawkswell59@elegantthemes.com,Male,238.79.231.220
291,Linnea,Cranson,lcranson5a@tamu.edu,Female,6.154.170.105
292,Laure,Spaven,lspaven5b@omniture.com,Female,2.193.138.200
293,Trude,Managh,tmanagh5c@whitehouse.gov,Female,150.20.133.227
294,Franky,Tylor,ftylor5d@pbs.org,Female,33.163.9.154
295,Sapphire,Guinness,sguinness5e@nifty.com,Female,183.140.52.73
296,Alanna,Dytham,adytham5f@army.mil,Female,234.249.140.111
297,Sherman,Wilkennson,swilkennson5g@t.co,Male,142.129.136.177
298,Ferdinanda,Munkley,fmunkley5h@cdbaby.com,Female,54.19.199.155
299,Mignonne,Grellis,mgrellis5i@godaddy.com,Female,24.212.60.170
300,Wade,Lankford,wlankford5j@acquirethisname.com,Male,135.167.243.0
301,Nolana,Cartwright,ncartwright5k@umich.edu,Female,196.133.56.19
302,Osgood,MacTrustram,omactrustram5l@biblegateway.com,Male,176.9.67.141
303,Kristin,Hapgood,khapgood5m@ibm.com,Female,83.145.253.29
304,Wanids,Stainsby,wstainsby5n@instagram.com,Female,175.87.42.143
305,Reg,Alekhov,ralekhov5o@github.com,Male,170.28.175.3
306,Dorie,Bladder,dbladder5p@howstuffworks.com,Male,54.17.26.230
307,Ernesto,Bankhurst,ebankhurst5q@fc2.com,Male,197.238.198.5
308,Winne,Tinwell,wtinwell5r@trellian.com,Female,70.193.86.90
309,Weylin,Amis,wamis5s@theatlantic.com,Male,28.130.112.91
310,Papagena,Kernocke,pkernocke5t@bbc.co.uk,Non-binary,244.247.188.15
311,Ahmed,Lidster,alidster5u@jiathis.com,Male,81.225.143.200
312,Cele,Norgan,cnorgan5v@stumbleupon.com,Female,237.173.41.36
313,Paolina,Blackmoor,pblackmoor5w@linkedin.com,Female,52.63.228.163
314,Waly,Dragon,wdragon5x@ow.ly,Female,221.247.130.153
315,Roby,Le Friec,rlefriec5y@google.nl,Female,100.59.33.80
316,Noe,Lafond,nlafond5z@simplemachines.org,Male,46.87.201.242
317,Trudi,Diviny,tdiviny60@senate.gov,Female,223.148.4.117
318,Mellicent,Giottini,mgiottini61@wordpress.com,Bigender,194.68.210.218
319,Zelig,Rilston,zrilston62@uiuc.edu,Male,212.26.32.98
320,Lyn,Vedekhin,lvedekhin63@timesonline.co.uk,Female,107.14.122.94
321,Luise,Sharville,lsharville64@zimbio.com,Female,48.15.243.144
322,Nicolas,Petroulis,npetroulis65@soup.io,Male,10.143.100.80
323,Rickard,Garvey,rgarvey66@theguardian.com,Male,190.249.129.117
324,Kristyn,Blackeby,kblackeby67@springer.com,Agender,75.234.72.77
325,Maximilian,Nasi,mnasi68@whitehouse.gov,Male,17.247.98.203
326,Kris,Wickins,kwickins69@china.com.cn,Male,214.228.164.194
327,Kinny,Ferenc,kferenc6a@msu.edu,Male,124.217.49.176
328,Wilbur,Wiseman,wwiseman6b@nasa.gov,Male,177.18.36.106
329,Ham,Leuty,hleuty6c@simplemachines.org,Male,255.95.109.100
330,Sara-ann,Stede,sstede6d@geocities.com,Female,146.75.43.143
331,Jillana,Furman,jfurman6e@addthis.com,Female,131.195.101.155
332,Gizela,Dikle,gdikle6f@mediafire.com,Female,99.251.34.178
333,Delmore,Yitzhak,dyitzhak6g@sbwire.com,Male,192.241.2.240
334,Elicia,Dumphreys,edumphreys6h@ustream.tv,Female,166.74.231.77
335,Samara,Berrey,sberrey6i@nymag.com,Female,201.95.246.218
336,Frants,Charter,fcharter6j@wordpress.org,Male,184.122.21.130
337,Tilly,Baradel,tbaradel6k@walmart.com,Female,142.247.212.98
338,Noel,Birkin,nbirkin6l@craigslist.org,Male,124.52.157.54
339,Jasmin,Tudge,jtudge6m@acquirethisname.com,Female,121.72.137.163
340,Wilbur,Allender,wallender6n@hatena.ne.jp,Male,221.155.215.145
341,Zarla,Kopfer,zkopfer6o@eepurl.com,Female,209.129.151.84
342,Deane,Bottjer,dbottjer6p@mysql.com,Male,78.130.25.22
343,Niall,Reneke,nreneke6q@hubpages.com,Male,255.171.132.22
344,Doreen,Sandels,dsandels6r@miibeian.gov.cn,Polygender,72.99.240.177
345,Duke,Birdfield,dbirdfield6s@washingtonpost.com,Male,5.36.208.197
346,Ivett,Labin,ilabin6t@moonfruit.com,Female,68.43.233.19
347,Mariya,Prosek,mprosek6u@soundcloud.com,Female,31.178.230.70
348,Gothart,Colten,gcolten6v@livejournal.com,Male,223.8.141.219
349,Layney,Wreiford,lwreiford6w@nature.com,Female,145.93.206.68
350,Matthieu,Littler,mlittler6x@usatoday.com,Male,80.68.104.7
351,Salvatore,Gawkes,sgawkes6y@redcross.org,Male,136.37.138.63
352,Fidelia,Churchin,fchurchin6z@privacy.gov.au,Female,124.230.65.137
353,Beck,Lawrenz,blawrenz70@biblegateway.com,Male,129.196.119.43
354,Ennis,Hantusch,ehantusch71@deviantart.com,Male,66.203.3.255
355,Fair,Carcas,fcarcas72@state.tx.us,Male,206.181.116.111
356,Emory,Bootes,ebootes73@discovery.com,Male,239.126.89.56
357,Costanza,Mountain,cmountain74@msu.edu,Female,208.18.2.236
358,Brynn,Whetson,bwhetson75@reverbnation.com,Female,231.123.159.233
359,Bibi,Vollam,bvollam76@imgur.com,Female,220.2.205.80
360,Meagan,Noke,mnoke77@arstechnica.com,Female,76.57.125.32
361,Quinn,Preston,qpreston78@elegantthemes.com,Female,27.66.54.255
362,Torrance,Fritschmann,tfritschmann79@cdbaby.com,Male,229.154.153.133
363,Farrell,Linder,flinder7a@cmu.edu,Male,71.232.24.175
364,Mildred,Crosser,mcrosser7b@t-online.de,Female,16.235.165.244
365,Had,Lordon,hlordon7c@narod.ru,Male,48.11.93.71
366,Patrizia,Blanpein,pblanpein7d@sun.com,Bigender,114.0.83.196
367,Stanwood,Elliman,selliman7e@facebook.com,Male,69.47.249.152
368,Pate,Jeram,pjeram7f@jugem.jp,Male,135.33.35.76
369,Oliver,Tabbernor,otabbernor7g@hexun.com,Male,12.31.13.255
370,Zuzana,Thornthwaite,zthornthwaite7h@360.cn,Female,29.159.202.127
371,Culley,Betz,cbetz7i@ibm.com,Male,247.58.115.192
372,Xenia,Burburough,xburburough7j@ycombinator.com,Female,78.48.86.254
373,Craggy,Yurocjhin,cyurocjhin7k@cisco.com,Male,8.8.191.221
374,Chauncey,Temperley,ctemperley7l@gnu.org,Male,122.66.119.36
375,Carolyne,Naptin,cnaptin7m@blogger.com,Female,67.110.168.94
376,Freida,Mandy,fmandy7n@google.com.au,Female,17.233.52.19
377,Morley,Thayre,mthayre7o@taobao.com,Male,203.2.76.75
378,Ephrem,Donegan,edonegan7p@fda.gov,Male,37.143.220.71
379,Kizzie,Bliven,kbliven7q@vk.com,Female,137.239.136.211
380,Tiphani,Diperaus,tdiperaus7r@google.com.hk,Female,199.88.66.3
381,Emmi,Durrance,edurrance7s@dagondesign.com,Female,203.41.177.174
382,Crawford,Crufts,ccrufts7t@bloglovin.com,Male,197.164.125.124
383,Lew,Baudon,lbaudon7u@dot.gov,Male,94.104.34.238
384,Brander,Belleny,bbelleny7v@woothemes.com,Male,232.38.129.249
385,Michal,Sacco,msacco7w@reuters.com,Male,49.213.42.201
386,Hillard,Benwell,hbenwell7x@wikimedia.org,Bigender,125.211.134.166
387,Mathew,Gostick,mgostick7y@biglobe.ne.jp,Bigender,19.229.123.78
388,June,Steadman,jsteadman7z@wunderground.com,Female,92.250.2.152
389,Saloma,Dunthorn,sdunthorn80@jalbum.net,Female,193.127.68.158
390,Giustino,Cannan,gcannan81@godaddy.com,Male,72.203.160.172
391,Creighton,Edwards,cedwards82@va.gov,Male,157.85.213.51
392,Brendan,Fritschel,bfritschel83@ucsd.edu,Male,137.171.105.135
393,Teddi,Quan,tquan84@dell.com,Female,56.48.152.130
394,Rivi,McAmish,rmcamish85@last.fm,Female,144.217.32.141
395,Robbyn,Dobbyn,rdobbyn86@blogspot.com,Polygender,121.128.173.154
396,Glynn,Pablos,gpablos87@twitpic.com,Male,241.81.243.137
397,Christian,Bunston,cbunston88@statcounter.com,Male,220.226.194.79
398,Deane,Kneeland,dkneeland89@devhub.com,Female,52.131.165.111
399,Brandais,Espinoza,bespinoza8a@mlb.com,Female,62.71.55.241
400,Penelopa,Musslewhite,pmusslewhite8b@cnbc.com,Female,34.122.46.64
401,Jilli,Hurring,jhurring8c@yellowbook.com,Polygender,62.207.142.185
402,Kevan,Lidden,klidden8d@sourceforge.net,Male,254.142.201.42
403,Ferguson,Bozier,fbozier8e@dell.com,Agender,161.181.129.182
404,Eleen,Beneze,ebeneze8f@wunderground.com,Female,27.6.168.249
405,Dill,Smallpeace,dsmallpeace8g@freewebs.com,Male,150.177.76.8
406,Quintina,Mixture,qmixture8h@auda.org.au,Female,147.21.186.251
407,Howard,Duck,hduck8i@cam.ac.uk,Male,222.89.61.133
408,Dag,Ellam,dellam8j@bandcamp.com,Male,106.162.228.210
409,Renard,Robertucci,rrobertucci8k@macromedia.com,Male,33.5.241.72
410,Fidel,Bennough,fbennough8l@phpbb.com,Male,180.174.43.152
411,Madelene,Whitters,mwhitters8m@w3.org,Female,33.7.175.154
412,Vlad,Gayne,vgayne8n@squidoo.com,Genderfluid,39.106.78.176
413,Catlaina,Trippitt,ctrippitt8o@tmall.com,Female,45.109.73.96
414,Bethina,Pinder,bpinder8p@w3.org,Female,163.59.248.162
415,Bertram,Gerrelts,bgerrelts8q@msu.edu,Male,6.198.183.138
416,Dyanna,Tothe,dtothe8r@addtoany.com,Female,226.239.111.38
417,Aretha,Yirrell,ayirrell8s@zdnet.com,Female,113.151.18.118
418,Flo,Tape,ftape8t@addtoany.com,Female,40.58.213.92
419,Reed,Ratchford,rratchford8u@bloglines.com,Male,235.90.7.168
420,Demetra,Lorkings,dlorkings8v@constantcontact.com,Female,37.50.55.33
421,Neale,Mattia,nmattia8w@tumblr.com,Male,2.17.80.231
422,Devina,Brokenshaw,dbrokenshaw8x@hud.gov,Female,234.132.23.19
423,Robena,Brunelleschi,rbrunelleschi8y@yale.edu,Female,180.132.130.199
424,Lemmie,Scudders,lscudders8z@zdnet.com,Bigender,30.69.232.178
425,Karisa,Barense,kbarense90@webnode.com,Genderfluid,125.74.129.115
426,Rubetta,Whitten,rwhitten91@ebay.co.uk,Female,33.56.220.40
427,Enrica,Galey,egaley92@addtoany.com,Female,101.140.129.58
428,Olag,MacCheyne,omaccheyne93@boston.com,Male,204.241.192.73
429,Gerrilee,Whyborn,gwhyborn94@wufoo.com,Female,211.72.2.42
430,Rebecka,Diggin,rdiggin95@smh.com.au,Female,203.59.214.42
431,Adelind,Sorley,asorley96@bloomberg.com,Female,144.15.18.59
432,Waverly,Dalliwatr,wdalliwatr97@delicious.com,Male,166.240.124.72
433,Malvin,Harner,mharner98@rambler.ru,Male,81.11.153.78
434,Shelli,Kevis,skevis99@etsy.com,Female,101.12.57.231
435,Seth,Ravel,sravel9a@sogou.com,Male,94.9.138.57
436,Durant,McNutt,dmcnutt9b@umich.edu,Male,31.226.170.163
437,Rowland,Abbe,rabbe9c@pagesperso-orange.fr,Male,182.70.74.213
438,Korry,Cranstoun,kcranstoun9d@auda.org.au,Female,128.150.42.242
439,Annis,MacCaughan,amaccaughan9e@accuweather.com,Female,13.72.176.84
440,Hermina,Beale,hbeale9f@cocolog-nifty.com,Female,227.88.29.139
441,Napoleon,Spinas,nspinas9g@howstuffworks.com,Bigender,254.67.32.59
442,Suzann,Courtenay,scourtenay9h@nymag.com,Female,59.14.133.74
443,Troy,Giovannini,tgiovannini9i@slashdot.org,Male,233.122.55.155
444,Jennica,Cassells,jcassells9j@epa.gov,Female,107.141.48.70
445,Liva,Bednall,lbednall9k@mediafire.com,Female,199.57.161.254
446,Zacherie,Hannent,zhannent9l@bandcamp.com,Male,4.3.48.82
447,Muhammad,Waleran,mwaleran9m@youtube.com,Male,194.22.237.96
448,Kingston,Hartzog,khartzog9n@intel.com,Male,247.4.224.176
449,Derry,Badby,dbadby9o@eepurl.com,Male,245.156.206.121
450,Tod,Gerholz,tgerholz9p@msn.com,Male,134.59.172.69
451,Anny,Elecum,aelecum9q@google.pl,Female,44.16.87.114
452,Jere,Tither,jtither9r@hp.com,Male,101.166.79.115
453,Agace,Matteucci,amatteucci9s@sciencedaily.com,Female,29.62.143.114
454,Townie,Wendover,twendover9t@networkadvertising.org,Male,212.14.218.214
455,Daryl,Pheasey,dpheasey9u@answers.com,Female,61.89.215.62
456,Allegra,Dahlberg,adahlberg9v@state.tx.us,Female,83.196.225.43
457,Giavani,Wanek,gwanek9w@mail.ru,Male,196.179.56.121
458,Vicky,Aldins,valdins9x@google.fr,Female,101.164.54.28
459,Hendrick,Cooney,hcooney9y@imgur.com,Male,8.158.39.101
460,Rodolph,Errichelli,rerrichelli9z@pen.io,Male,187.68.218.137
461,Nappie,MacInnes,nmacinnesa0@auda.org.au,Male,218.129.149.185
462,Iorgos,Attoc,iattoca1@mapy.cz,Male,9.182.246.85
463,Vlad,Dymick,vdymicka2@engadget.com,Male,184.241.36.55
464,Stuart,Carvell,scarvella3@pinterest.com,Male,147.169.31.176
465,Daniella,Bernadot,dbernadota4@kickstarter.com,Polygender,152.0.235.187
466,Sheri,Grollmann,sgrollmanna5@shinystat.com,Female,139.125.49.71
467,Benjie,Parks,bparksa6@is.gd,Male,249.243.202.161
468,Lin,Korpolak,lkorpolaka7@bloomberg.com,Female,78.3.220.0
469,Dierdre,Considine,dconsidinea8@hud.gov,Female,180.126.109.134
470,Engracia,Clitherow,eclitherowa9@zimbio.com,Female,2.174.74.237
471,Chadd,Piercy,cpiercyaa@sitemeter.com,Male,53.86.86.62
472,Martie,Fosdyke,mfosdykeab@yellowbook.com,Female,102.242.110.53
473,Colman,Hazlegrove,chazlegroveac@themeforest.net,Male,171.96.113.91
474,Tonye,Blowfelde,tblowfeldead@nps.gov,Female,67.215.98.116
475,Quentin,Cappleman,qcapplemanae@fotki.com,Female,70.128.23.226
476,Alexandra,Duchesne,aduchesneaf@senate.gov,Female,130.109.55.65
477,Ailina,Delgardillo,adelgardilloag@opensource.org,Female,49.31.42.46
478,Marya,Coan,mcoanah@tinypic.com,Female,172.251.153.27
479,Quentin,Charlon,qcharlonai@vkontakte.ru,Female,57.103.92.28
480,Olympia,Beachem,obeachemaj@mapy.cz,Female,68.110.201.91
481,Ronni,Borell,rborellak@smh.com.au,Female,225.209.136.186
482,Danie,Crampsey,dcrampseyal@statcounter.com,Male,173.213.149.173
483,Baxy,Petrushanko,bpetrushankoam@mapquest.com,Male,252.102.196.106
484,Taddeo,Hansard,thansardan@cpanel.net,Male,100.216.144.132
485,Hamil,Winwood,hwinwoodao@businesswire.com,Male,2.117.191.147
486,Torr,Semken,tsemkenap@csmonitor.com,Male,51.76.115.123
487,Ole,Rogister,orogisteraq@newyorker.com,Male,81.211.33.222
488,Anatollo,Grzelczyk,agrzelczykar@cnn.com,Male,151.200.100.191
489,Earle,Symcox,esymcoxas@fc2.com,Male,133.139.145.158
490,Tammi,Collinge,tcollingeat@sun.com,Female,142.13.161.1
491,Yolande,Barneville,ybarnevilleau@ask.com,Female,149.26.104.70
492,Danni,Exroll,dexrollav@domainmarket.com,Female,153.156.240.82
493,Colby,Silly,csillyaw@i2i.jp,Male,92.41.162.84
494,Orrin,Pfeffer,opfefferax@businessinsider.com,Male,217.220.45.215
495,Ernestus,Dederich,edederichay@rediff.com,Male,46.98.234.114
496,Penelopa,Peasby,ppeasbyaz@prlog.org,Female,219.255.25.156
497,Chaddy,Sizeland,csizelandb0@narod.ru,Agender,128.44.15.100
498,Igor,Boldry,iboldryb1@histats.com,Male,56.92.168.8
499,Lory,Kleisle,lkleisleb2@ning.com,Female,212.97.128.52
500,Hersh,Gilbard,hgilbardb3@dot.gov,Male,221.141.83.122
501,Mercie,Kobpac,mkobpacb4@china.com.cn,Female,160.33.67.142
502,Beatrisa,Melior,bmeliorb5@mediafire.com,Female,17.49.78.231
503,Kain,Theobalds,ktheobaldsb6@miitbeian.gov.cn,Male,214.164.114.0
504,Sheffy,Muldoon,smuldoonb7@google.co.uk,Male,101.50.93.62
505,Lynnet,Melbourne,lmelbourneb8@macromedia.com,Female,53.132.6.183
506,Mikel,Maas,mmaasb9@phpbb.com,Male,76.113.32.219
507,Jayson,Smee,jsmeeba@google.co.jp,Male,42.31.25.65
508,Shani,Cawdell,scawdellbb@jiathis.com,Female,236.123.95.202
509,Jayme,Bischoff,jbischoffbc@1und1.de,Female,134.166.185.196
510,Newton,Willcocks,nwillcocksbd@yale.edu,Agender,97.100.68.156
511,Renate,Ridges,rridgesbe@1und1.de,Female,105.242.66.98
512,Mitchael,Heart,mheartbf@vistaprint.com,Male,2.166.21.53
513,Meagan,MacPhee,mmacpheebg@google.co.jp,Female,45.14.192.135
514,Yovonnda,Dymock,ydymockbh@irs.gov,Female,9.96.1.205
515,Katlin,Vinker,kvinkerbi@thetimes.co.uk,Female,172.248.252.213
516,Natalina,Naul,nnaulbj@eepurl.com,Female,111.103.97.53
517,Lonny,Blackall,lblackallbk@purevolume.com,Male,177.247.238.12
518,Rolland,Gritsunov,rgritsunovbl@woothemes.com,Male,59.59.253.201
519,Demeter,Philott,dphilottbm@elpais.com,Female,212.101.124.127
520,Sigfried,Thurlby,sthurlbybn@dion.ne.jp,Male,3.238.66.180
521,Heath,Kliemchen,hkliemchenbo@google.co.uk,Female,160.23.12.115
522,Natalya,McTrustey,nmctrusteybp@vistaprint.com,Female,248.151.39.252
523,Cornie,Dulinty,cdulintybq@ustream.tv,Male,158.81.117.31
524,Murdoch,Okker,mokkerbr@wikimedia.org,Male,238.102.37.130
525,Mallory,MacTrustram,mmactrustrambs@reuters.com,Female,88.248.6.25
526,Clark,Forsdyke,cforsdykebt@dailymail.co.uk,Male,112.128.10.24
527,Cassondra,Falla,cfallabu@mashable.com,Female,1.215.194.245
528,Birk,Bartocci,bbartoccibv@npr.org,Male,46.62.253.163
529,Sauveur,Vannini,svanninibw@weibo.com,Male,54.109.59.9
530,Antonin,Lindenstrauss,alindenstraussbx@ucla.edu,Male,5.61.249.113
531,Redford,Rault,rraultby@geocities.jp,Male,229.38.85.141
532,Nataline,Emanuele,nemanuelebz@narod.ru,Female,150.165.200.211
533,Portie,Ferrarese,pferraresec0@sciencedirect.com,Male,165.106.157.218
534,Alic,Gellett,agellettc1@vk.com,Male,137.217.33.179
535,Zorah,Foister,zfoisterc2@drupal.org,Female,146.145.76.133
536,Bernette,Bracher,bbracherc3@wufoo.com,Female,186.49.189.181
537,Merla,Marieton,mmarietonc4@google.de,Female,190.210.239.161
538,Selia,Dewis,sdewisc5@merriam-webster.com,Genderfluid,228.204.156.36
539,Delinda,Midgley,dmidgleyc6@jigsy.com,Female,249.100.188.141
540,Flynn,Fullicks,ffullicksc7@ucoz.com,Male,215.128.67.129
541,Arel,Ousbie,aousbiec8@pbs.org,Male,205.101.151.179
542,Wilden,Geffcock,wgeffcockc9@vistaprint.com,Male,100.52.176.249
543,Benedetto,Grunbaum,bgrunbaumca@exblog.jp,Non-binary,20.213.27.228
544,Mira,Maffia,mmaffiacb@elegantthemes.com,Female,68.250.103.33
545,Deirdre,Shucksmith,dshucksmithcc@dailymail.co.uk,Female,238.10.92.123
546,Evelina,Lynnitt,elynnittcd@reddit.com,Female,173.20.200.153
547,Loutitia,Lewry,llewryce@phpbb.com,Female,230.63.86.47
548,Fergus,Hammatt,fhammattcf@biblegateway.com,Male,194.172.60.147
549,Ingmar,Seeley,iseeleycg@baidu.com,Genderfluid,45.250.7.45
550,Ricard,Gyppes,rgyppesch@google.nl,Male,56.143.191.45
551,Rolfe,Shine,rshineci@bizjournals.com,Male,65.71.61.100
552,Sonny,Antonin,santonincj@state.tx.us,Male,89.94.160.70
553,Daile,Dovidian,ddovidianck@google.com.hk,Female,30.92.220.53
554,Kamilah,Steen,ksteencl@accuweather.com,Genderqueer,4.222.116.87
555,Aggie,Lamberteschi,alamberteschicm@homestead.com,Female,122.236.4.19
556,Charmian,Bernaert,cbernaertcn@sciencedirect.com,Female,99.128.55.1
557,Sasha,Lacoste,slacosteco@51.la,Male,243.212.143.168
558,Vergil,Cressar,vcressarcp@sfgate.com,Male,18.111.108.46
559,Tamqrah,Ranaghan,tranaghancq@noaa.gov,Female,194.174.215.140
560,Jason,Garbutt,jgarbuttcr@tiny.cc,Male,169.8.4.36
561,Vinita,Corstan,vcorstancs@howstuffworks.com,Female,173.192.6.205
562,Mordy,Broadfoot,mbroadfootct@oracle.com,Male,77.175.213.60
563,Consuelo,Langan,clangancu@usda.gov,Female,58.216.123.162
564,Brynne,Sitlinton,bsitlintoncv@nsw.gov.au,Female,155.226.231.193
565,Elle,Osban,eosbancw@parallels.com,Female,137.95.65.214
566,Dalli,Girardeau,dgirardeaucx@npr.org,Male,252.38.210.202
567,Milt,McTrustrie,mmctrustriecy@sbwire.com,Male,160.184.10.73
568,Shandra,Proudman,sproudmancz@pagesperso-orange.fr,Female,132.134.221.83
569,Tracey,Spitaro,tspitarod0@irs.gov,Female,201.140.60.75
570,Petey,Rainsdon,prainsdond1@canalblog.com,Male,65.179.203.225
571,Thatch,Vigars,tvigarsd2@indiatimes.com,Male,110.233.228.160
572,Lexie,Burtwistle,lburtwistled3@yandex.ru,Female,100.149.97.237
573,Horton,Witt,hwittd4@google.co.uk,Male,243.245.125.65
574,Oby,Flay,oflayd5@hp.com,Agender,97.225.67.215
575,Guntar,Deluze,gdeluzed6@joomla.org,Male,167.189.8.125
576,Kathi,Dries,kdriesd7@github.io,Female,161.65.113.101
577,Goldy,Ruggles,grugglesd8@cnn.com,Female,129.213.182.157
578,Suzette,Borham,sborhamd9@cnbc.com,Female,186.117.30.178
579,Micky,Kikke,mkikkeda@seesaa.net,Female,22.118.14.22
580,Merwyn,Dreghorn,mdreghorndb@chron.com,Male,125.110.21.237
581,Hynda,Newlove,hnewlovedc@ft.com,Female,102.229.161.209
582,Beck,Charte,bchartedd@deviantart.com,Male,98.182.7.205
583,Thornie,Richfield,trichfieldde@purevolume.com,Male,162.191.187.148
584,Kiersten,Cowsby,kcowsbydf@yahoo.com,Polygender,173.216.91.161
585,Perkin,Monketon,pmonketondg@wix.com,Agender,179.241.20.178
586,Keven,Beviss,kbevissdh@ustream.tv,Male,80.89.213.53
587,Bernie,Klimuk,bklimukdi@amazonaws.com,Female,93.218.42.55
588,Caesar,Ivamy,civamydj@wordpress.com,Male,209.242.145.34
589,Marta,Mewhirter,mmewhirterdk@census.gov,Female,85.105.173.90
590,Gottfried,Wigsell,gwigselldl@live.com,Male,29.226.122.43
591,Wernher,Chappelle,wchappelledm@sciencedirect.com,Male,175.218.92.131
592,Remy,Potteridge,rpotteridgedn@discovery.com,Female,245.99.253.73
593,Ewell,Espin,eespindo@rambler.ru,Male,87.20.227.170
594,Robenia,Critten,rcrittendp@github.com,Female,95.229.6.11
595,Arline,Goady,agoadydq@so-net.ne.jp,Female,242.155.83.211
596,Burtie,Goodey,bgoodeydr@elpais.com,Male,61.254.19.10
597,Leonanie,Follan,lfollands@free.fr,Female,191.205.119.233
598,Andres,Trevino,atrevinodt@google.com.br,Male,220.44.60.167
599,Kaspar,Brabban,kbrabbandu@goo.gl,Male,194.18.45.65
600,Lesley,Billson,lbillsondv@meetup.com,Agender,161.45.33.227
601,Aime,Di Francecshi,adifrancecshidw@wix.com,Non-binary,14.119.88.160
602,Lorinda,Male,lmaledx@vistaprint.com,Female,156.81.23.37
603,Damiano,Hryniewicki,dhryniewickidy@diigo.com,Male,242.87.59.12
604,La verne,Knoble,lknobledz@independent.co.uk,Female,136.250.36.222
605,Wolfy,Lyster,wlystere0@bloglines.com,Male,252.36.253.51
606,Faith,Palffy,fpalffye1@google.com.br,Female,63.244.86.6
607,Fonsie,Gallegos,fgallegose2@biblegateway.com,Male,38.248.190.198
608,Perkin,Bellord,pbellorde3@blogs.com,Male,149.71.166.156
609,Callean,Priddie,cpriddiee4@squarespace.com,Genderfluid,200.221.217.148
610,Charlean,Tilston,ctilstone5@fema.gov,Female,6.165.18.191
611,Selby,Godain,sgodaine6@pcworld.com,Genderfluid,56.163.114.66
612,Ingar,Grahlmans,igrahlmanse7@de.vu,Male,101.77.253.207
613,Jamill,Lehrer,jlehrere8@techcrunch.com,Male,113.3.118.194
614,Wait,Swindlehurst,wswindlehurste9@nymag.com,Male,245.248.23.234
615,Cly,Ciccarello,cciccarelloea@ezinearticles.com,Male,202.137.8.131
616,Libbey,Ellph,lellpheb@omniture.com,Agender,199.253.255.162
617,Rubetta,Boatman,rboatmanec@arstechnica.com,Female,9.194.50.2
618,Alaster,Deyenhardt,adeyenhardted@tmall.com,Male,224.88.166.214
619,Foss,Horlock,fhorlockee@pinterest.com,Male,202.66.17.142
620,Sunny,Cuzen,scuzenef@imdb.com,Male,41.239.215.38
621,Goran,Dunlop,gdunlopeg@usa.gov,Male,2.64.122.202
622,Mabelle,Botte,mbotteeh@samsung.com,Female,206.110.156.231
623,Consuela,Paszek,cpaszekei@reference.com,Female,157.166.24.250
624,Constantia,Cray,ccrayej@mac.com,Female,140.55.164.124
625,Lawrence,Jeske,ljeskeek@reference.com,Male,119.148.174.54
626,Ramsay,Wyldes,rwyldesel@sakura.ne.jp,Male,255.117.231.242
627,Gaspard,Bernardon,gbernardonem@nhs.uk,Male,136.194.247.98
628,Rowe,Hambelton,rhambeltonen@economist.com,Female,169.82.14.122
629,Dora,Stirman,dstirmaneo@springer.com,Female,220.101.230.81
630,Emylee,Sherborn,esherbornep@macromedia.com,Female,171.125.167.207
631,Danella,Galley,dgalleyeq@hubpages.com,Female,192.154.137.71
632,Talyah,Swayne,tswayneer@virginia.edu,Female,53.217.194.115
633,Hollis,Burberry,hburberryes@irs.gov,Male,245.251.114.177
634,Nicky,Cadge,ncadgeet@instagram.com,Male,187.154.249.168
635,Ebeneser,Planks,eplankseu@smh.com.au,Male,137.143.17.243
636,Bo,Burrows,bburrowsev@goo.ne.jp,Male,64.158.255.67
637,Blake,Brithman,bbrithmanew@discuz.net,Female,125.190.183.18
638,Andy,Dreye,adreyeex@hostgator.com,Male,66.133.212.171
639,Rasla,De Ruggero,rderuggeroey@google.fr,Female,28.92.130.110
640,Dennison,Tromans,dtromansez@yelp.com,Male,36.117.33.130
641,Gilles,Rugieri,grugierif0@lulu.com,Male,13.153.193.14
642,Elisabeth,Moyle,emoylef1@blog.com,Female,249.27.243.11
643,Kasper,Coots,kcootsf2@purevolume.com,Male,126.79.37.70
644,Margaretha,Rutley,mrutleyf3@google.ru,Female,157.199.9.71
645,Else,Cardozo,ecardozof4@goo.ne.jp,Female,33.196.130.93
646,Heath,Traite,htraitef5@state.gov,Male,43.140.68.5
647,Marlo,Tynan,mtynanf6@vkontakte.ru,Male,31.182.246.6
648,Millard,Hendrick,mhendrickf7@noaa.gov,Male,121.20.168.29
649,Gnni,Loveridge,gloveridgef8@liveinternet.ru,Female,223.170.104.183
650,Lavina,Luebbert,lluebbertf9@hibu.com,Female,109.86.124.222
651,Helge,Gitsham,hgitshamfa@admin.ch,Female,250.56.247.241
652,Cindelyn,McCafferty,cmccaffertyfb@nature.com,Female,135.166.223.208
653,Webb,Sandford,wsandfordfc@yale.edu,Male,159.122.159.172
654,Chet,Joanaud,cjoanaudfd@craigslist.org,Genderfluid,85.67.242.32
655,Shea,Rannald,srannaldfe@prlog.org,Male,244.8.220.248
656,Roobbie,Da Costa,rdacostaff@npr.org,Female,94.165.15.29
657,Helen-elizabeth,Carmont,hcarmontfg@microsoft.com,Female,96.133.209.67
658,Christin,Kelsey,ckelseyfh@weebly.com,Female,163.25.128.25
659,Margi,Sjollema,msjollemafi@earthlink.net,Polygender,23.2.197.68
660,Jermaine,Summerhayes,jsummerhayesfj@ning.com,Male,8.179.88.118
661,Aileen,Szabo,aszabofk@w3.org,Female,165.97.85.66
662,Bernadine,Balmforth,bbalmforthfl@mapy.cz,Female,120.69.96.222
663,Dannie,Michieli,dmichielifm@yahoo.com,Female,117.175.133.129
664,Amity,Parcells,aparcellsfn@gov.uk,Genderfluid,114.220.43.22
665,Abran,Chesnut,achesnutfo@ycombinator.com,Male,122.172.232.144
666,Lorraine,Kordes,lkordesfp@senate.gov,Female,175.221.145.96
667,Dell,Blinman,dblinmanfq@cafepress.com,Male,133.74.115.37
668,Thurstan,Benne,tbennefr@squidoo.com,Agender,133.39.110.76
669,Cullin,Barbosa,cbarbosafs@cbslocal.com,Agender,191.104.222.127
670,Bailie,Fairpool,bfairpoolft@wikipedia.org,Male,21.233.47.31
671,Fayina,Meneo,fmeneofu@weebly.com,Female,91.27.31.223
672,Bernard,Kirk,bkirkfv@theguardian.com,Male,218.233.144.21
673,Zebulen,Hekkert,zhekkertfw@examiner.com,Male,69.140.94.242
674,Patty,Kasbye,pkasbyefx@samsung.com,Female,79.121.11.130
675,Fax,Korlat,fkorlatfy@hubpages.com,Male,100.165.135.229
676,Lyndsay,Gracewood,lgracewoodfz@vimeo.com,Female,34.17.8.113
677,Robers,Vink,rvinkg0@utexas.edu,Male,250.75.213.43
678,Bartram,Cotmore,bcotmoreg1@wsj.com,Male,152.162.72.110
679,Gael,Bycraft,gbycraftg2@mozilla.org,Female,23.102.97.121
680,Tobe,Gerrard,tgerrardg3@csmonitor.com,Agender,7.54.179.6
681,Haslett,Cargenven,hcargenveng4@xinhuanet.com,Male,121.204.186.137
682,Mozes,MacRannell,mmacrannellg5@prnewswire.com,Genderfluid,13.105.55.183
683,Ray,Pensom,rpensomg6@4shared.com,Male,104.41.26.221
684,Robby,Jerger,rjergerg7@pcworld.com,Genderfluid,201.168.147.130
685,Teena,Papaccio,tpapacciog8@xrea.com,Female,160.71.177.12
686,Webb,Dunsmuir,wdunsmuirg9@vistaprint.com,Male,90.242.137.236
687,Basia,Dunbar,bdunbarga@baidu.com,Female,130.195.36.240
688,Carlyle,Pitchford,cpitchfordgb@wisc.edu,Male,119.18.44.160
689,Ericka,Upcraft,eupcraftgc@wikipedia.org,Bigender,34.69.177.245
690,Aeriel,Lindblom,alindblomgd@wikispaces.com,Female,42.154.67.223
691,Waylon,Gladwin,wgladwinge@unc.edu,Male,22.29.112.149
692,Ignaz,Webling,iweblinggf@wikimedia.org,Male,237.127.52.221
693,Michael,McFee,mmcfeegg@chronoengine.com,Male,129.242.83.250
694,Eugenie,Cristobal,ecristobalgh@alexa.com,Agender,67.251.138.238
695,Baillie,Schimaschke,bschimaschkegi@myspace.com,Male,225.128.7.172
696,Isidore,Quillinane,iquillinanegj@moonfruit.com,Male,213.211.24.129
697,Farrah,Ben,fbengk@timesonline.co.uk,Female,22.209.135.254
698,Angel,Dorrian,adorriangl@foxnews.com,Male,93.191.227.92
699,Nicolle,Mattocks,nmattocksgm@exblog.jp,Female,70.218.46.27
700,Mikey,Connolly,mconnollygn@miibeian.gov.cn,Male,130.104.2.163
701,Tersina,Sheekey,tsheekeygo@i2i.jp,Female,236.124.106.22
702,Silvain,Goady,sgoadygp@ed.gov,Male,171.173.54.153
703,Hali,Denny,hdennygq@chicagotribune.com,Female,156.146.37.78
704,Sigismund,Wreiford,swreifordgr@examiner.com,Male,62.231.248.226
705,Sharline,Chesters,schestersgs@flickr.com,Female,105.54.152.155
706,Ernie,Abramcik,eabramcikgt@mozilla.org,Male,146.148.10.37
707,Pren,La Croce,placrocegu@163.com,Polygender,217.137.220.20
708,Muffin,Timmis,mtimmisgv@state.gov,Male,155.148.38.208
709,Clari,Keddy,ckeddygw@goodreads.com,Female,89.157.46.84
710,Ebonee,Phant,ephantgx@usatoday.com,Female,60.82.6.174
711,Kelly,Bloan,kbloangy@geocities.jp,Male,100.74.50.49
712,Sydney,Streeten,sstreetengz@tinyurl.com,Male,212.138.153.167
713,Erna,Verling,everlingh0@yandex.ru,Female,172.105.217.44
714,Far,Dizlie,fdizlieh1@phoca.cz,Male,48.131.174.72
715,Hernando,Slessar,hslessarh2@joomla.org,Male,205.34.185.229
716,Nicolina,Heninghem,nheninghemh3@rambler.ru,Female,232.168.105.31
717,Christiano,Salzen,csalzenh4@jugem.jp,Male,163.47.10.26
718,Clive,Bengall,cbengallh5@yellowpages.com,Male,216.156.62.206
719,Valera,Aldersley,valdersleyh6@goo.ne.jp,Female,128.19.93.152
720,Wenda,Bains,wbainsh7@theguardian.com,Female,83.113.53.140
721,Jessie,Abramovicz,jabramoviczh8@wikimedia.org,Male,235.49.38.53
722,Nataline,Houndson,nhoundsonh9@msn.com,Female,40.151.19.153
723,Adoree,Brennand,abrennandha@pagesperso-orange.fr,Female,195.72.148.153
724,Jarred,Domenico,jdomenicohb@wordpress.com,Male,247.120.49.138
725,Rivkah,Lorman,rlormanhc@wikipedia.org,Female,161.43.246.176
726,Florenza,Ayrs,fayrshd@microsoft.com,Female,139.3.39.46
727,Kelsi,Jado,kjadohe@comcast.net,Female,20.81.210.100
728,Edgardo,Varden,evardenhf@blogtalkradio.com,Male,248.122.230.156
729,Davin,Santoro,dsantorohg@comcast.net,Male,147.175.184.74
730,Nealson,Shirt,nshirthh@sciencedaily.com,Male,154.62.247.246
731,Merna,Tschirschky,mtschirschkyhi@51.la,Female,118.30.108.5
732,Netta,O'Hengerty,nohengertyhj@narod.ru,Female,133.51.91.164
733,Ida,Najara,inajarahk@csmonitor.com,Female,112.41.249.9
734,Audre,Bortolussi,abortolussihl@google.fr,Female,104.133.10.255
735,Hewet,Jedrysik,hjedrysikhm@twitpic.com,Male,48.159.53.40
736,Bastian,Eames,beameshn@ustream.tv,Male,104.82.182.57
737,Grayce,Lidgley,glidgleyho@nature.com,Female,82.139.50.214
738,Janet,Belson,jbelsonhp@mediafire.com,Female,126.101.10.238
739,Baron,Ramsby,bramsbyhq@mediafire.com,Male,19.223.18.203
740,Roanna,Gherardesci,rgherardescihr@a8.net,Female,100.164.244.150
741,Cristiano,Maccrae,cmaccraehs@google.com,Male,219.42.184.169
742,Obidiah,Pietersma,opietersmaht@people.com.cn,Male,24.60.242.52
743,Tammie,Bradden,tbraddenhu@marriott.com,Female,108.243.255.200
744,Hillier,Tesimon,htesimonhv@51.la,Male,189.190.4.161
745,Marcello,Surphliss,msurphlisshw@list-manage.com,Male,243.73.114.92
746,Teodora,MacRinn,tmacrinnhx@canalblog.com,Agender,105.146.92.149
747,Phillip,Jeannot,pjeannothy@furl.net,Male,123.220.176.19
748,Lisle,Finders,lfindershz@prlog.org,Male,212.166.39.52
749,Devan,Mobbs,dmobbsi0@fda.gov,Female,200.95.96.218
750,Jennifer,Fawthorpe,jfawthorpei1@joomla.org,Female,114.225.35.123
751,Andria,O'Brien,aobrieni2@themeforest.net,Female,41.2.113.105
752,Cosmo,Eliasen,celiaseni3@photobucket.com,Male,204.167.243.147
753,Richardo,Abrashkin,rabrashkini4@upenn.edu,Male,156.197.131.23
754,Pen,Jorin,pjorini5@ca.gov,Female,127.99.110.253
755,Jen,Ketley,jketleyi6@arstechnica.com,Agender,154.34.208.147
756,Sabine,Coit,scoiti7@princeton.edu,Female,49.51.24.38
757,Ketti,Regis,kregisi8@posterous.com,Female,146.83.164.250
758,Leif,Kardos-Stowe,lkardosstowei9@samsung.com,Male,173.57.127.174
759,Garey,Cawkill,gcawkillia@reverbnation.com,Male,233.72.237.105
760,Artie,MacAless,amacalessib@example.com,Male,209.245.53.110
761,Cora,Leebeter,cleebeteric@dyndns.org,Female,175.142.22.79
762,Hatty,Bellwood,hbellwoodid@quantcast.com,Female,68.205.206.210
763,Noby,Patshull,npatshullie@jugem.jp,Male,69.65.201.64
764,Guillaume,Pattullo,gpattulloif@rakuten.co.jp,Male,102.35.232.82
765,Bayard,Dellar,bdellarig@github.io,Male,83.176.252.95
766,Emilee,Gilberthorpe,egilberthorpeih@merriam-webster.com,Female,112.22.166.9
767,Levon,Faill,lfaillii@wikipedia.org,Male,221.46.232.89
768,Welch,MacDirmid,wmacdirmidij@wiley.com,Male,1.232.123.238
769,Justina,Gentsch,jgentschik@rakuten.co.jp,Female,127.13.149.249
770,Davine,McQuarter,dmcquarteril@devhub.com,Female,153.75.178.126
771,Ethelind,Farrants,efarrantsim@cmu.edu,Female,45.213.104.246
772,Osmond,Georgeon,ogeorgeonin@feedburner.com,Male,221.120.251.69
773,Valery,Ride,vrideio@geocities.com,Female,172.211.150.37
774,Phil,Melwall,pmelwallip@reuters.com,Bigender,62.119.219.12
775,Andromache,Rottger,arottgeriq@xrea.com,Female,142.2.82.124
776,Claiborne,Born,cbornir@etsy.com,Male,220.198.101.24
777,Thibaud,Oliveras,toliverasis@redcross.org,Male,99.108.241.74
778,Cora,Harriman,charrimanit@wikia.com,Female,211.16.195.244
779,Pippa,Mercy,pmercyiu@cmu.edu,Female,8.154.47.105
780,Charisse,Ferroni,cferroniiv@ifeng.com,Female,161.180.172.71
781,Pegeen,Yong,pyongiw@arizona.edu,Female,31.4.139.40
782,Ernesto,Farry,efarryix@homestead.com,Male,84.38.83.237
783,Elnore,Brende,ebrendeiy@yale.edu,Female,73.82.8.213
784,Heath,Ferretti,hferrettiiz@live.com,Non-binary,72.55.8.112
785,Griffy,Heinig,gheinigj0@scribd.com,Male,95.29.10.247
786,Halimeda,Kitt,hkittj1@loc.gov,Female,249.240.240.37
787,Miranda,Fley,mfleyj2@google.com.br,Female,150.141.242.43
788,Rani,Chaudhry,rchaudhryj3@addthis.com,Female,45.170.89.29
789,Alys,Laity,alaityj4@ucoz.com,Female,163.71.201.222
790,Lawrence,Hickinbottom,lhickinbottomj5@blinklist.com,Male,138.130.230.129
791,Scotti,Bahike,sbahikej6@wufoo.com,Male,104.183.159.214
792,Sammie,Kadwallider,skadwalliderj7@blogger.com,Male,108.4.98.25
793,Calv,Brambill,cbrambillj8@chron.com,Male,200.100.111.143
794,Kristi,Dodswell,kdodswellj9@indiatimes.com,Female,111.194.249.189
795,Bunnie,Colwill,bcolwillja@tuttocitta.it,Female,138.165.164.232
796,Blinny,Pacht,bpachtjb@wordpress.com,Genderfluid,252.66.121.12
797,Cicely,Kinchlea,ckinchleajc@upenn.edu,Female,178.20.242.171
798,Silvan,Danhel,sdanheljd@cdbaby.com,Male,108.81.240.143
799,Hugh,Commins,hcomminsje@prlog.org,Non-binary,13.35.208.213
800,Ursuline,Semmens,usemmensjf@jalbum.net,Female,46.205.17.94
801,Jereme,Weall,jwealljg@squidoo.com,Male,22.80.127.102
802,Silvanus,Moffatt,smoffattjh@chicagotribune.com,Genderfluid,252.14.230.171
803,Desmund,Greg,dgregji@cnbc.com,Male,248.36.19.166
804,Marlow,Tregido,mtregidojj@spiegel.de,Male,169.207.128.121
805,Normand,Meffan,nmeffanjk@jalbum.net,Male,124.200.60.224
806,Christophorus,Matuskiewicz,cmatuskiewiczjl@indiatimes.com,Male,194.7.178.82
807,Conrade,McGillicuddy,cmcgillicuddyjm@oaic.gov.au,Male,28.211.118.75
808,Genna,Duckhouse,gduckhousejn@disqus.com,Female,206.89.43.109
809,Jens,Forri,jforrijo@yelp.com,Male,83.74.215.8
810,Farleigh,Clemow,fclemowjp@google.ca,Male,173.150.72.50
811,Nevin,MacNeil,nmacneiljq@nymag.com,Genderqueer,226.191.84.104
812,Ulick,Girardeau,ugirardeaujr@cloudflare.com,Male,37.9.15.9
813,Risa,Rosone,rrosonejs@hc360.com,Female,38.61.40.206
814,Skyler,Innis,sinnisjt@flavors.me,Male,49.236.89.198
815,Reidar,Beaconsall,rbeaconsallju@mapquest.com,Male,248.2.69.70
816,Earlie,Subhan,esubhanjv@cdc.gov,Male,177.128.227.148
817,Suzanna,Longmead,slongmeadjw@go.com,Female,54.131.69.111
818,Lynn,Trevascus,ltrevascusjx@imdb.com,Female,252.81.1.3
819,Elise,Crunden,ecrundenjy@time.com,Female,116.49.222.248
820,Pinchas,Hurdman,phurdmanjz@patch.com,Male,228.150.2.108
821,Brina,Pearce,bpearcek0@jimdo.com,Genderfluid,60.105.84.19
822,Abey,Sang,asangk1@earthlink.net,Male,242.9.160.0
823,Elka,Boor,eboork2@hhs.gov,Female,44.105.157.119
824,Yorker,Pointon,ypointonk3@cargocollective.com,Agender,28.88.244.208
825,Leoline,Golsthorp,lgolsthorpk4@chronoengine.com,Female,218.152.5.81
826,Ida,Higford,ihigfordk5@marketwatch.com,Female,33.136.223.218
827,Ashlin,Gover,agoverk6@unicef.org,Male,15.113.248.158
828,Bronson,Sayle,bsaylek7@sina.com.cn,Male,109.173.229.225
829,Christen,Deave,cdeavek8@google.cn,Female,206.183.177.193
830,Sibyl,MacMorland,smacmorlandk9@irs.gov,Female,184.203.197.73
831,Mickey,Wearn,mwearnka@nymag.com,Male,109.100.23.165
832,Eolanda,Simunek,esimunekkb@desdev.cn,Female,130.146.164.119
833,Daria,Jessel,djesselkc@4shared.com,Female,67.155.1.145
834,Jens,Lomasny,jlomasnykd@tripadvisor.com,Male,141.36.204.17
835,Winfield,Money,wmoneyke@ucoz.com,Male,99.216.78.234
836,Sorcha,Rothchild,srothchildkf@google.com.hk,Female,62.32.179.182
837,Oralla,Stud,ostudkg@yolasite.com,Female,28.155.130.198
838,Deva,Barge,dbargekh@boston.com,Female,15.214.242.243
839,Courtney,McAirt,cmcairtki@networkadvertising.org,Male,27.231.128.144
840,Adrianne,Bernasek,abernasekkj@diigo.com,Female,247.165.207.169
841,Francesco,Yegoshin,fyegoshinkk@cnbc.com,Male,36.193.192.114
842,Hartwell,Cazin,hcazinkl@webnode.com,Male,33.94.32.212
843,Essa,Sandhill,esandhillkm@zdnet.com,Female,50.236.86.121
844,Allie,Samwell,asamwellkn@amazon.co.jp,Female,21.182.239.130
845,Leanora,Shatliffe,lshatliffeko@xinhuanet.com,Female,209.201.98.103
846,Lenard,Roblett,lroblettkp@dropbox.com,Male,112.0.38.7
847,Suki,Behan,sbehankq@gmpg.org,Female,173.237.135.52
848,Lurlene,Egglestone,legglestonekr@sbwire.com,Female,83.35.160.79
849,Celle,Garner,cgarnerks@icq.com,Female,233.147.0.126
850,Anet,Edmott,aedmottkt@mashable.com,Female,26.16.49.200
851,Madalena,Conew,mconewku@clickbank.net,Female,40.166.252.196
852,Iolanthe,Corneille,icorneillekv@shutterfly.com,Female,123.244.186.150
853,Joshia,Tonkes,jtonkeskw@ycombinator.com,Male,8.5.54.150
854,Llywellyn,Sturzaker,lsturzakerkx@berkeley.edu,Male,184.248.118.214
855,Derrek,Diggin,ddigginky@seesaa.net,Male,198.209.157.141
856,Scarlett,Olivetti,solivettikz@prweb.com,Female,225.195.241.85
857,Coraline,Van de Castele,cvandecastelel0@ifeng.com,Female,103.226.114.114
858,Flint,Bawme,fbawmel1@google.co.uk,Genderfluid,214.198.76.198
859,Joshua,Carslake,jcarslakel2@sbwire.com,Male,61.209.18.242
860,Horatius,Dowber,hdowberl3@marketwatch.com,Male,246.203.57.99
861,Shanta,Scotfurth,sscotfurthl4@cnbc.com,Female,150.96.6.246
862,Elisha,Kent,ekentl5@slashdot.org,Female,96.65.176.51
863,Maryl,Whittles,mwhittlesl6@chronoengine.com,Female,110.253.36.59
864,Malcolm,Goodlatt,mgoodlattl7@comcast.net,Male,98.91.200.169
865,Horace,Andell,handelll8@ask.com,Male,109.28.160.220
866,Stacey,Stollsteimer,sstollsteimerl9@quantcast.com,Female,150.19.240.159
867,Minnie,Skurm,mskurmla@dedecms.com,Female,141.207.207.144
868,Zola,Merrigans,zmerriganslb@aol.com,Female,104.112.208.74
869,Pearce,O'Kelly,pokellylc@paginegialle.it,Male,2.40.12.210
870,Dania,Dorgon,ddorgonld@shop-pro.jp,Female,220.227.69.160
871,Sinclair,Penwarden,spenwardenle@nifty.com,Male,65.113.207.122
872,Leonardo,Ingreda,lingredalf@java.com,Male,250.55.113.2
873,Kleon,Lorand,klorandlg@skype.com,Male,88.168.107.80
874,Sterne,Pryer,spryerlh@wsj.com,Male,92.198.25.14
875,Adora,McFadin,amcfadinli@whitehouse.gov,Female,239.126.140.21
876,Pancho,Spores,psporeslj@netvibes.com,Male,185.44.34.25
877,Taffy,Oxlade,toxladelk@booking.com,Female,69.33.38.105
878,Layne,Ellor,lellorll@wufoo.com,Female,240.106.185.227
879,Sanderson,Bennen,sbennenlm@wikimedia.org,Male,175.153.176.186
880,Lisle,Getten,lgettenln@hud.gov,Male,65.181.146.133
881,Alfreda,Hagland,ahaglandlo@weather.com,Female,17.244.18.117
882,Alf,Giorgione,agiorgionelp@domainmarket.com,Male,1.210.42.251
883,Val,Elnaugh,velnaughlq@amazon.com,Male,147.0.106.8
884,Retha,Nutkin,rnutkinlr@phpbb.com,Female,168.198.175.191
885,Giana,Wonfar,gwonfarls@phoca.cz,Female,58.124.116.235
886,Kelcey,Wrassell,kwrasselllt@i2i.jp,Female,108.220.5.39
887,Thurstan,Lucio,tluciolu@harvard.edu,Male,29.195.171.130
888,Daisie,Bello,dbellolv@tinyurl.com,Female,99.201.96.29
889,Horst,Feavers,hfeaverslw@unesco.org,Male,68.212.28.183
890,Jessie,Giorgeschi,jgiorgeschilx@huffingtonpost.com,Bigender,146.144.66.204
891,Shoshanna,Mcettrick,smcettrickly@pen.io,Female,80.46.38.167
892,Debera,Haley,dhaleylz@economist.com,Female,161.47.222.159
893,Heath,Nash,hnashm0@army.mil,Male,230.207.136.52
894,Vernor,Goulbourne,vgoulbournem1@thetimes.co.uk,Male,232.192.195.165
895,Shepperd,Sibery,ssiberym2@auda.org.au,Male,12.208.80.118
896,Lenora,Kopje,lkopjem3@prweb.com,Female,77.15.12.194
897,Merl,Small,msmallm4@marketwatch.com,Female,221.75.186.56
898,Lucian,Philpott,lphilpottm5@aboutads.info,Male,111.62.115.160
899,Garvin,Gentner,ggentnerm6@furl.net,Male,91.204.207.73
900,Eddie,Poundford,epoundfordm7@java.com,Female,136.244.185.250
901,Netty,Marguerite,nmargueritem8@ucsd.edu,Female,126.194.184.221
902,Gardener,Goodier,ggoodierm9@globo.com,Male,251.85.22.39
903,Marthe,Delion,mdelionma@cnet.com,Female,8.234.121.156
904,Ole,Garforth,ogarforthmb@biblegateway.com,Male,40.100.153.209
905,Delila,Jobe,djobemc@ifeng.com,Female,19.139.16.121
906,Mitchael,Hebblethwaite,mhebblethwaitemd@storify.com,Polygender,64.246.35.112
907,Natalina,Poor,npoorme@i2i.jp,Female,40.154.96.252
908,Clementina,Mathen,cmathenmf@baidu.com,Female,91.227.33.147
909,Patten,Josey,pjoseymg@ameblo.jp,Male,233.69.109.59
910,Beryle,Aizik,baizikmh@home.pl,Genderfluid,46.152.206.30
911,Rolando,Duffitt,rduffittmi@dell.com,Male,193.49.190.113
912,Robyn,Gergler,rgerglermj@techcrunch.com,Genderqueer,64.213.194.106
913,Bonita,Roskelly,broskellymk@thetimes.co.uk,Female,21.3.2.124
914,Lyle,Costellow,lcostellowml@mlb.com,Male,8.171.38.245
915,Xymenes,Gritton,xgrittonmm@independent.co.uk,Male,176.85.41.223
916,Markos,Brooksby,mbrooksbymn@toplist.cz,Male,68.207.60.180
917,Batholomew,Langhorn,blanghornmo@prnewswire.com,Male,114.182.15.60
918,Matelda,Fiddiman,mfiddimanmp@xrea.com,Female,225.34.73.224
919,Vin,Lettson,vlettsonmq@bloomberg.com,Non-binary,221.185.255.10
920,Lilyan,Wesson,lwessonmr@dyndns.org,Female,135.94.208.230
921,Juana,McGilbon,jmcgilbonms@oaic.gov.au,Female,248.144.211.30
922,Whittaker,De Hoogh,wdehooghmt@independent.co.uk,Male,14.197.213.221
923,Jilli,Weildish,jweildishmu@rambler.ru,Female,29.201.45.225
924,Hortensia,Symers,hsymersmv@answers.com,Polygender,54.130.144.175
925,Jared,Jiroutek,jjiroutekmw@alibaba.com,Male,117.73.1.162
926,Olwen,Fassmann,ofassmannmx@com.com,Female,194.216.140.85
927,Kenyon,Exter,kextermy@hatena.ne.jp,Male,131.213.46.29
928,Kristian,Faucherand,kfaucherandmz@deviantart.com,Male,79.90.128.230
929,Ardenia,Matisse,amatissen0@blinklist.com,Female,99.100.209.8
930,Dave,Beddoes,dbeddoesn1@issuu.com,Male,141.190.144.23
931,Randolf,Kettlesing,rkettlesingn2@gov.uk,Male,142.77.244.5
932,Ulrich,Roderham,uroderhamn3@nih.gov,Male,204.27.114.159
933,Cynthy,Livesley,clivesleyn4@forbes.com,Female,85.149.251.100
934,Xerxes,Paolazzi,xpaolazzin5@altervista.org,Male,35.87.223.130
935,Greggory,Littrell,glittrelln6@nature.com,Male,87.57.162.140
936,Hamish,Lammie,hlammien7@yellowbook.com,Polygender,215.225.24.184
937,Jackie,Pott,jpottn8@google.com,Male,128.255.223.88
938,Aeriela,Dmisek,admisekn9@themeforest.net,Female,225.36.194.179
939,Petunia,Ternott,pternottna@rediff.com,Agender,199.91.231.33
940,Janka,Cosbee,jcosbeenb@newyorker.com,Female,244.183.172.16
941,Broderic,Ferraretto,bferrarettonc@ihg.com,Male,160.31.182.83
942,Loreen,Bulpitt,lbulpittnd@miibeian.gov.cn,Female,63.171.125.167
943,Thaxter,Cultcheth,tcultchethne@webeden.co.uk,Male,245.61.94.84
944,Burg,Dallyn,bdallynnf@nymag.com,Male,33.191.4.110
945,Kathie,Eddisforth,keddisforthng@1688.com,Female,138.243.223.152
946,Perl,Smieton,psmietonnh@cam.ac.uk,Genderqueer,177.141.108.144
947,Neala,Cary,ncaryni@economist.com,Female,125.158.61.78
948,Mora,Hauxley,mhauxleynj@technorati.com,Female,83.94.90.111
949,Layne,Buye,lbuyenk@ocn.ne.jp,Female,236.22.115.65
950,Harmonia,Ambrogelli,hambrogellinl@qq.com,Female,165.60.252.94
951,Thain,Ogbourne,togbournenm@skype.com,Male,135.44.139.254
952,Gustie,Bezemer,gbezemernn@hostgator.com,Female,15.213.12.192
953,Gillie,Allgood,gallgoodno@indiatimes.com,Female,197.107.32.124
954,Derk,Foystone,dfoystonenp@weebly.com,Male,224.5.226.11
955,Dani,Timblett,dtimblettnq@sogou.com,Female,150.46.59.53
956,Meade,Sambell,msambellnr@slideshare.net,Male,74.36.184.91
957,Antonina,Tresler,atreslerns@army.mil,Genderqueer,228.248.28.208
958,Lucas,Dougal,ldougalnt@buzzfeed.com,Male,164.69.34.134
959,Claudina,Grigg,cgriggnu@dell.com,Female,1.74.230.30
960,Sherm,Posselt,sposseltnv@scientificamerican.com,Male,170.57.252.251
961,Athena,Littler,alittlernw@desdev.cn,Female,37.152.58.127
962,Sheffield,Mapother,smapothernx@studiopress.com,Male,18.198.28.77
963,Jeromy,Plumridge,jplumridgeny@hostgator.com,Male,151.145.164.79
964,Felicity,Garnett,fgarnettnz@go.com,Female,133.86.54.200
965,Lalo,Lonsdale,llonsdaleo0@163.com,Male,70.30.109.112
966,Helenelizabeth,Gainsburgh,hgainsburgho1@mtv.com,Female,7.15.185.169
967,Xymenes,Kellogg,xkelloggo2@marketwatch.com,Male,141.45.28.114
968,Kliment,Noell,knoello3@ibm.com,Male,213.86.200.169
969,Dion,Ortler,dortlero4@domainmarket.com,Male,254.8.99.135
970,Jacki,Cadalleder,jcadalledero5@latimes.com,Female,222.67.158.229
971,Kele,Reddecliffe,kreddecliffeo6@businesswire.com,Non-binary,191.235.62.175
972,Stephana,Sketchley,ssketchleyo7@noaa.gov,Female,26.136.221.226
973,Ugo,Karpinski,ukarpinskio8@webnode.com,Genderfluid,168.86.176.240
974,Vicky,Cope,vcopeo9@xinhuanet.com,Female,41.150.228.149
975,Onfre,Wincott,owincottoa@opera.com,Male,187.197.220.85
976,Tomlin,Hebden,thebdenob@cdbaby.com,Male,216.125.228.121
977,Sibelle,Gaunson,sgaunsonoc@wikia.com,Female,164.137.70.122
978,Petronella,Vase,pvaseod@sun.com,Female,232.63.237.117
979,Wayne,Mahody,wmahodyoe@wufoo.com,Male,179.150.106.50
980,Norma,Hrishchenko,nhrishchenkoof@mediafire.com,Female,24.61.182.221
981,Timmy,Phillis,tphillisog@addtoany.com,Polygender,197.181.136.161
982,Barth,Jeffs,bjeffsoh@1688.com,Male,27.190.230.195
983,Livvyy,Cuncliffe,lcuncliffeoi@clickbank.net,Female,101.24.204.76
984,Rory,Roon,rroonoj@blogs.com,Male,123.188.11.175
985,Ettie,Wimlett,ewimlettok@about.me,Female,77.118.206.97
986,Tomas,MacKereth,tmackerethol@census.gov,Male,69.1.67.25
987,Gaston,Baylay,gbaylayom@reverbnation.com,Male,22.79.103.209
988,Ignaz,Morrant,imorranton@youtu.be,Male,73.240.246.9
989,Odell,Doumer,odoumeroo@symantec.com,Male,215.244.210.9
990,Mordy,Kuzemka,mkuzemkaop@usda.gov,Male,92.46.11.209
991,Dasie,Bellas,dbellasoq@cisco.com,Female,23.233.2.93
992,Shea,Riply,sriplyor@google.cn,Male,57.203.169.90
993,Ulrich,Keenor,ukeenoros@surveymonkey.com,Male,190.186.18.9
994,Barrie,Biaggetti,bbiaggettiot@arstechnica.com,Male,33.218.234.18
995,Felice,Leverson,fleversonou@samsung.com,Female,172.230.224.11
996,Sylvan,Valentin,svalentinov@examiner.com,Male,151.63.50.141
997,Justino,Duffrie,jduffrieow@51.la,Male,206.111.109.133
998,Marietta,Sabbatier,msabbatierox@home.pl,Female,253.65.2.26
999,Salem,Blaschek,sblaschekoy@economist.com,Male,98.188.223.118
1000,Mozes,Lechmere,mlechmereoz@bandcamp.com,Male,138.196.187.74
1001,Chickie,Buten,cbutenp0@cocolog-nifty.com,Female,232.147.89.110
1002,Scot,Owlner,sowlnerp1@etsy.com,Male,194.205.57.66
1003,Emelina,Semble,esemblep2@wired.com,Female,44.98.77.57
1004,Hestia,Brame,hbramep3@wix.com,Female,74.254.214.255
1005,Ursa,Caulcott,ucaulcottp4@google.pl,Female,236.228.158.241
1006,Noelani,Gurrado,ngurradop5@wordpress.com,Female,142.11.223.146
1007,Nat,Carpmile,ncarpmilep6@goo.gl,Male,112.16.186.139
1008,Chrysler,Hillen,chillenp7@meetup.com,Female,66.239.207.17
1009,Dulcea,Goldthorpe,dgoldthorpep8@apple.com,Female,52.115.92.245
1010,Cordey,Guiness,cguinessp9@google.cn,Female,74.158.229.178
1011,Toinette,Frankiss,tfrankisspa@paginegialle.it,Female,89.30.35.234
1012,Arnie,Grimston,agrimstonpb@yale.edu,Male,26.151.175.89
1013,Nelson,Lindley,nlindleypc@fastcompany.com,Male,162.114.168.60
1014,Eadmund,Beresford,eberesfordpd@scribd.com,Male,87.112.137.164
1015,Loutitia,Gumley,lgumleype@usa.gov,Female,23.197.13.164
1016,Gaye,Bothams,gbothamspf@usa.gov,Polygender,167.247.202.75
1017,Callean,Learoid,clearoidpg@friendfeed.com,Male,211.55.19.152
1018,Papageno,Utridge,putridgeph@hostgator.com,Male,215.246.179.70
1019,Aili,Berre,aberrepi@gov.uk,Female,141.70.131.171
1020,Emelda,Whittlesey,ewhittleseypj@springer.com,Female,57.88.186.70
1021,Dennie,Crathern,dcrathernpk@friendfeed.com,Male,12.147.49.168
1022,Wakefield,Troyes,wtroyespl@edublogs.org,Male,50.63.32.134
1023,Flss,Gerriets,fgerrietspm@icq.com,Female,238.163.203.198
1024,Yorgo,Writtle,ywrittlepn@icq.com,Male,67.96.0.109
1025,Tabby,Spedding,tspeddingpo@oracle.com,Polygender,177.51.253.21
1026,Karlotte,Segot,ksegotpp@mit.edu,Female,136.140.226.196
1027,Oliviero,Grute,ogrutepq@google.com.au,Male,203.166.150.55
1028,Zilvia,Bradane,zbradanepr@tinyurl.com,Female,6.10.180.97
1029,Hendrik,Fibbitts,hfibbittsps@apache.org,Male,115.204.158.207
1030,Lianna,Vivash,lvivashpt@techcrunch.com,Non-binary,218.141.24.182
1031,Roseanna,Killshaw,rkillshawpu@xrea.com,Female,200.241.71.21
1032,Gael,Venturoli,gventurolipv@upenn.edu,Male,126.53.11.169
1033,Rocky,Alu,ralupw@yellowpages.com,Male,57.144.222.203
1034,Elsi,Tomaselli,etomasellipx@123-reg.co.uk,Non-binary,76.213.93.9
1035,Alayne,Harteley,aharteleypy@tumblr.com,Female,55.35.250.3
1036,Osbert,Burkman,oburkmanpz@walmart.com,Bigender,31.31.117.48
1037,Boris,Karlowicz,bkarlowiczq0@eepurl.com,Male,159.46.10.169
1038,Grayce,Dillway,gdillwayq1@mediafire.com,Genderqueer,222.219.186.84
1039,Corine,Ambrosetti,cambrosettiq2@howstuffworks.com,Female,205.31.123.177
1040,Timothea,Grenville,tgrenvilleq3@sfgate.com,Female,48.6.152.221
1041,Giovanni,Ranfield,granfieldq4@paginegialle.it,Male,194.84.36.106
1042,Quentin,Banham,qbanhamq5@pagesperso-orange.fr,Male,179.31.168.131
1043,Quintus,Plose,qploseq6@slideshare.net,Male,172.230.64.22
1044,Jillayne,Dishmon,jdishmonq7@wufoo.com,Female,65.239.27.235
1045,Raina,Dalyell,rdalyellq8@hibu.com,Female,170.161.207.247
1046,Rainer,Bedenham,rbedenhamq9@domainmarket.com,Male,208.23.252.17
1047,Sansone,Cater,scaterqa@pinterest.com,Male,172.221.224.15
1048,Bernadette,Dusting,bdustingqb@fema.gov,Female,232.148.251.199
1049,Danita,Hunting,dhuntingqc@bluehost.com,Agender,78.248.85.43
1050,Marnie,Paradise,mparadiseqd@japanpost.jp,Female,247.39.107.106
1051,Karna,Jiroutka,kjiroutkaqe@illinois.edu,Female,41.248.50.7
1052,Erma,Folkerts,efolkertsqf@zdnet.com,Female,232.202.44.217
1053,Jilleen,Vorley,jvorleyqg@constantcontact.com,Female,54.102.15.150
1054,Marti,Jest,mjestqh@boston.com,Female,139.11.82.200
1055,Lira,Zarfat,lzarfatqi@yandex.ru,Female,172.17.80.87
1056,Ginnifer,Santos,gsantosqj@homestead.com,Female,167.122.213.102
1057,Donica,Dionisii,ddionisiiqk@hubpages.com,Female,129.163.27.113
1058,Ronny,Baynard,rbaynardql@aboutads.info,Male,136.245.82.2
1059,Regan,Kelwaybamber,rkelwaybamberqm@yale.edu,Female,128.97.113.83
1060,Betsy,Verty,bvertyqn@ow.ly,Female,161.46.63.4
1061,Kile,Vedenisov,kvedenisovqo@dmoz.org,Male,107.10.98.125
1062,Alli,Brogden,abrogdenqp@google.fr,Female,134.16.165.175
1063,Ursuline,Agirre,uagirreqq@woothemes.com,Female,151.66.66.21
1064,Dalia,Yardley,dyardleyqr@hostgator.com,Female,200.33.174.70
1065,Suzy,Ambrogi,sambrogiqs@answers.com,Female,162.77.166.78
1066,Tiffy,Louw,tlouwqt@bloomberg.com,Female,163.129.65.64
1067,Jeff,Elcoat,jelcoatqu@ezinearticles.com,Male,116.87.215.1
1068,Mata,Juster,mjusterqv@edublogs.org,Male,6.37.63.75
1069,Patricia,Risborough,prisboroughqw@plala.or.jp,Female,195.118.143.156
1070,Franzen,Burleigh,fburleighqx@si.edu,Male,114.44.98.203
1071,Jessie,Lorente,jlorenteqy@newyorker.com,Agender,95.114.97.109
1072,Marci,Bredgeland,mbredgelandqz@csmonitor.com,Female,248.229.170.247
1073,Gregoire,Mildmott,gmildmottr0@technorati.com,Male,133.141.43.106
1074,Tracee,Kaes,tkaesr1@ebay.co.uk,Female,194.89.117.23
1075,Neely,Sacks,nsacksr2@i2i.jp,Female,16.64.228.140
1076,Bobby,Durnford,bdurnfordr3@state.tx.us,Male,97.44.49.105
1077,Valentin,Palk,vpalkr4@bloomberg.com,Male,181.242.4.245
1078,Dinah,Deboy,ddeboyr5@networksolutions.com,Female,88.108.233.30
1079,Margalit,Cawkwell,mcawkwellr6@soup.io,Female,29.165.249.123
1080,Billy,Nigh,bnighr7@clickbank.net,Female,200.178.89.70
1081,Abraham,Dagnall,adagnallr8@businessweek.com,Bigender,132.142.57.40
1082,Ervin,Hayman,ehaymanr9@mediafire.com,Male,36.210.113.56
1083,Pascal,Worboys,pworboysra@paypal.com,Male,100.187.203.110
1084,Vanny,Bound,vboundrb@blogtalkradio.com,Female,144.232.249.250
1085,Nickie,Tatford,ntatfordrc@purevolume.com,Male,10.206.115.49
1086,Richmond,Perry,rperryrd@canalblog.com,Male,253.104.177.11
1087,Wald,Beazley,wbeazleyre@guardian.co.uk,Male,134.142.186.237
1088,Zondra,Staley,zstaleyrf@deliciousdays.com,Female,220.28.193.143
1089,Carmencita,Olivazzi,colivazzirg@surveymonkey.com,Female,46.122.38.22
1090,Maximilian,Martinat,mmartinatrh@seesaa.net,Non-binary,152.86.112.33
1091,Baryram,Courcey,bcourceyri@dot.gov,Male,10.231.106.140
1092,Paolina,Hooke,phookerj@ihg.com,Female,129.180.185.44
1093,Flory,Conry,fconryrk@a8.net,Female,133.70.142.180
1094,Carlo,Elliker,cellikerrl@posterous.com,Male,238.120.147.49
1095,Cedric,Mouland,cmoulandrm@mapy.cz,Male,170.218.0.156
1096,Amos,Siemon,asiemonrn@slideshare.net,Male,137.199.34.113
1097,Lydia,Gosnell,lgosnellro@ftc.gov,Female,207.39.103.239
1098,Engelbert,Marvelley,emarvelleyrp@github.io,Male,158.106.162.240
1099,Archibald,Garlic,agarlicrq@harvard.edu,Male,90.83.53.29
1100,Lemar,Beedom,lbeedomrr@ovh.net,Male,156.59.230.165
